-- Use the database created
USE CST4714FinalProject;

--Data for customers
INSERT  into customer(CustomerFN,CustomerLN, DOB, address, city, state, postalcode) VALUES 
('James','Butt','1981-10-31','6649 N Blue Gum St','New Orleans','LA',70116	)	,							
('Josephine','Darakjy','1981-11-01','4 B Blue Ridge Blvd','Brighton','MI',48116	)	,							
('Art','Venere','1981-11-02','8 W Cerritos Ave #54','Bridgeport','NJ',8014	)	,							
('Lenna','Paprocki','1981-11-03','639 Main St','Anchorage','AK',99501	)	,							
('Donette','Foller','1981-11-04','34 Center St','Hamilton','OH',45011	)	,							
('Simona','Morasca','1981-11-05','3 Mcauley Dr','Ashland','OH',44805	)	,							
('Mitsue','Tollner','1981-11-06','7 Eads St','Chicago','IL',60632	)	,							
('Leota','Dilliard','1981-11-07','7 W Jackson Blvd','San Jose','CA',95111	)	,							
('Sage','Wieser','1981-11-08','5 Boston Ave #88','Sioux Falls','SD',57105	)	,							
('Kris','Marrier','1981-11-09','228 Runamuck Pl #2808','Baltimore','MD',21224	)	,							
('Minna','Amigon','1981-11-10','2371 Jerrold Ave','Kulpsville','PA',19443	)	,							
('Abel','Maclead','1981-11-11','37275 St  Rt 17m M','Middle Island','NY',11953	)	,							
('Kiley','Caldarera','1981-11-12','25 E 75th St #69','Los Angeles','CA',90034	)	,							
('Graciela','Ruta','1981-11-13','98 Connecticut Ave Nw','Chagrin Falls','OH',44023	)	,							
('Cammy','Albares','1981-11-14','56 E Morehead St','Laredo','TX',78045	)	,							
('Mattie','Poquette','1981-11-15','73 State Road 434 E','Phoenix','AZ',85013	)	,							
('Meaghan','Garufi','1981-11-16','69734 E Carrillo St','Mc Minnville','TN',37110	)	,							
('Gladys','Rim','1981-11-17','322 New Horizon Blvd','Milwaukee','WI',53207	)	,							
('Yuki','Whobrey','1981-11-18','1 State Route 27','Taylor','MI',48180	)	,							
('Fletcher','Flosi','1981-11-19','394 Manchester Blvd','Rockford','IL',61109	)	,							
('Bette','Nicka','1981-11-20','6 S 33rd St','Aston','PA',19014	)	,							
('Veronika','Inouye','1981-11-21','6 Greenleaf Ave','San Jose','CA',95111	)	,							
('Willard','Kolmetz','1981-11-22','618 W Yakima Ave','Irving','TX',75062	)	,							
('Maryann','Royster','1981-11-23','74 S Westgate St','Albany','NY',12204	)	,							
('Alisha','Slusarski','1981-11-24','3273 State St','Middlesex','NJ',8846	)	,							
('Allene','Iturbide','1981-11-25','1 Central Ave','Stevens Point','WI',54481	)	,							
('Chanel','Caudy','1981-11-26','86 Nw 66th St #8673','Shawnee','KS',66218	)	,							
('Ezekiel','Chui','1981-11-27','2 Cedar Ave #84','Easton','MD',21601	)	,							
('Willow','Kusko','1981-11-28','90991 Thorburn Ave','New York','NY',10011	)	,							
('Bernardo','Figeroa','1981-11-29','386 9th Ave N','Conroe','TX',77301	)	,							
('Ammie','Corrio','1981-11-30','74874 Atlantic Ave','Columbus','OH',43215	)	,							
('Francine','Vocelka','1981-12-01','366 South Dr','Las Cruces','NM',88011	)	,							
('Ernie','Stenseth','1981-12-02','45 E Liberty St','Ridgefield Park','NJ',7660	)	,							
('Albina','Glick','1981-12-03','4 Ralph Ct','Dunellen','NJ',8812	)	,							
('Alishia','Sergi','1981-12-04','2742 Distribution Way','New York','NY',10025	)	,							
('Solange','Shinko','1981-12-05','426 Wolf St','Metairie','LA',70002	)	,							
('Jose','Stockham','1981-12-06','128 Bransten Rd','New York','NY',10011	)	,							
('Rozella','Ostrosky','1981-12-07','17 Morena Blvd','Camarillo','CA',93012	)	,							
('Valentine','Gillian','1981-12-08','775 W 17th St','San Antonio','TX',78204	)	,							
('Kati','Rulapaugh','1981-12-09','6980 Dorsett Rd','Abilene','KS',67410	)	,							
('Youlanda','Schemmer','1981-12-10','2881 Lewis Rd','Prineville','OR',97754	)	,							
('Dyan','Oldroyd','1981-12-11','7219 Woodfield Rd','Overland Park','KS',66204	)	,							
('Roxane','Campain','1981-12-12','1048 Main St','Fairbanks','AK',99708	)	,							
('Lavera','Perin','1981-12-13','678 3rd Ave','Miami','FL',33196	)	,							
('Erick','Ferencz','1981-12-14','20 S Babcock St','Fairbanks','AK',99712	)	,							
('Fatima','Saylors','1981-12-15','2 Lighthouse Ave','Hopkins','MN',55343	)	,							
('Jina','Briddick','1981-12-16','38938 Park Blvd','Boston','MA',2128	)	,							
('Kanisha','Waycott','1981-12-17','5 Tomahawk Dr','Los Angeles','CA',90006	)	,							
('Emerson','Bowley','1981-12-18','762 S Main St','Madison','WI',53711	)	,							
('Blair','Malet','1981-12-19','209 Decker Dr','Philadelphia','PA',19132	)	,							
('Brock','Bolognia','1981-12-20','4486 W O St #1','New York','NY',10003	)	,							
('Lorrie','Nestle','1981-12-21','39 S 7th St','Tullahoma','TN',37388	)	,							
('Sabra','Uyetake','1981-12-22','98839 Hawthorne Blvd #6101','Columbia','SC',29201	)	,							
('Marjory','Mastella','1981-12-23','71 San Mateo Ave','Wayne','PA',19087	)	,							
('Karl','Klonowski','1981-12-24','76 Brooks St #9','Flemington','NJ',8822	)	,							
('Tonette','Wenner','1981-12-25','4545 Courthouse Rd','Westbury','NY',11590	)	,							
('Amber','Monarrez','1981-12-26','14288 Foster Ave #4121','Jenkintown','PA',19046	)	,							
('Shenika','Seewald','1981-12-27','4 Otis St','Van Nuys','CA',91405	)	,							
('Delmy','Ahle','1981-12-28','65895 S 16th St','Providence','RI',2909	)	,							
('Deeanna','Juhas','1981-12-29','14302 Pennsylvania Ave','Huntingdon Valley','PA',19006	)	,							
('Blondell','Pugh','1981-12-30','201 Hawk Ct','Providence','RI',2904	)	,							
('Jamal','Vanausdal','1981-12-31','53075 Sw 152nd Ter #615','Monroe Township','NJ',8831	)	,							
('Cecily','Hollack','1982-01-01','59 N Groesbeck Hwy','Austin','TX',78731	)	,							
('Carmelina','Lindall','1982-01-02','2664 Lewis Rd','Littleton','CO',80126	)	,							
('Maurine','Yglesias','1982-01-03','59 Shady Ln #53','Milwaukee','WI',53214	)	,							
('Tawna','Buvens','1982-01-04','3305 Nabell Ave #679','New York','NY',10009	)	,							
('Penney','Weight','1982-01-05','18 Fountain St','Anchorage','AK',99515	)	,							
('Elly','Morocco','1982-01-06','7 W 32nd St','Erie','PA',16502	)	,							
('Ilene','Eroman','1982-01-07','2853 S Central Expy','Glen Burnie','MD',21061	)	,							
('Vallie','Mondella','1982-01-08','74 W College St','Boise','ID',83707	)	,							
('Kallie','Blackwood','1982-01-09','701 S Harrison Rd','San Francisco','CA',94104	)	,							
('Johnetta','Abdallah','1982-01-10','1088 Pinehurst St','Chapel Hill','NC',27514	)	,							
('Bobbye','Rhym','1982-01-11','30 W 80th St #1995','San Carlos','CA',94070	)	,							
('Micaela','Rhymes','1982-01-12','20932 Hedley St','Concord','CA',94520	)	,							
('Tamar','Hoogland','1982-01-13','2737 Pistorio Rd #9230','London','OH',43140	)	,							
('Moon','Parlato','1982-01-14','74989 Brandon St','Wellsville','NY',14895	)	,							
('Laurel','Reitler','1982-01-15','6 Kains Ave','Baltimore','MD',21215	)	,							
('Delisa','Crupi','1982-01-16','47565 W Grand Ave','Newark','NJ',7105	)	,							
('Viva','Toelkes','1982-01-17','4284 Dorigo Ln','Chicago','IL',60647	)	,							
('Elza','Lipke','1982-01-18','6794 Lake Dr E','Newark','NJ',7104	)	,							
('Devorah','Chickering','1982-01-19','31 Douglas Blvd #950','Clovis','NM',88101	)	,							
('Timothy','Mulqueen','1982-01-20','44 W 4th St','Staten Island','NY',10309	)	,							
('Arlette','Honeywell','1982-01-21','11279 Loytan St','Jacksonville','FL',32254	)	,							
('Dominque','Dickerson','1982-01-22','69 Marquette Ave','Hayward','CA',94545	)	,							
('Lettie','Isenhower','1982-01-23','70 W Main St','Beachwood','OH',44122	)	,							
('Myra','Munns','1982-01-24','461 Prospect Pl #316','Euless','TX',76040	)	,							
('Stephaine','Barfield','1982-01-25','47154 Whipple Ave Nw','Gardena','CA',90247	)	,							
('Lai','Gato','1982-01-26','37 Alabama Ave','Evanston','IL',60201	)	,							
('Stephen','Emigh','1982-01-27','3777 E Richmond St #900','Akron','OH',44302	)	,							
('Tyra','Shields','1982-01-28','3 Fort Worth Ave','Philadelphia','PA',19106	)	,							
('Tammara','Wardrip','1982-01-29','4800 Black Horse Pike','Burlingame','CA',94010	)	,							
('Cory','Gibes','1982-01-30','83649 W Belmont Ave','San Gabriel','CA',91776	)	,							
('Danica','Bruschke','1982-01-31','840 15th Ave','Waco','TX',76708	)	,							
('Wilda','Giguere','1982-02-01','1747 Calle Amanecer #2','Anchorage','AK',99501	)	,							
('Elvera','Benimadho','1982-02-02','99385 Charity St #840','San Jose','CA',95110	)	,							
('Carma','Vanheusen','1982-02-03','68556 Central Hwy','San Leandro','CA',94577	)	,							
('Malinda','Hochard','1982-02-04','55 Riverside Ave','Indianapolis','IN',46202	)	,							
('Natalie','Fern','1982-02-05','7140 University Ave','Rock Springs','WY',82901	)	,							
('Lisha','Centini','1982-02-06','64 5th Ave #1153','Mc Lean','VA',22102	)	,							
('Arlene','Klusman','1982-02-07','3 Secor Rd','New Orleans','LA',70112	)	;

--Data for customers emails
INSERT  INTO CustomerEmail(CustomerID,Email) VALUES 
(	1	,'jbutt@gmail.com'),	
(	2	,'josephine_darakjy@darakjy.org'),	
(	3	,'art@venere.org'),	
(	4	,'lpaprocki@hotmail.com'),	
(	5	,'donette.foller@cox.net'),	
(	6	,'simona@morasca.com'),	
(	7	,'mitsue_tollner@yahoo.com'),	
(	8	,'leota@hotmail.com'),	
(	9	,'sage_wieser@cox.net'),	
(	10	,'kris@gmail.com'),	
(	11	,'minna_amigon@yahoo.com'),	
(	12	,'amaclead@gmail.com'),	
(	13	,'kiley.caldarera@aol.com'),	
(	14	,'gruta@cox.net'),	
(	15	,'calbares@gmail.com'),	
(	16	,'mattie@aol.com'),	
(	17	,'meaghan@hotmail.com'),	
(	18	,'gladys.rim@rim.org'),	
(	19	,'yuki_whobrey@aol.com'),	
(	20	,'fletcher.flosi@yahoo.com'),	
(	21	,'bette_nicka@cox.net'),	
(	22	,'vinouye@aol.com'),	
(	23	,'willard@hotmail.com'),	
(	24	,'mroyster@royster.com'),	
(	25	,'alisha@slusarski.com'),	
(	26	,'allene_iturbide@cox.net'),	
(	27	,'chanel.caudy@caudy.org'),	
(	28	,'ezekiel@chui.com'),	
(	29	,'wkusko@yahoo.com'),	
(	30	,'bfigeroa@aol.com'),	
(	31	,'ammie@corrio.com'),	
(	32	,'francine_vocelka@vocelka.com'),	
(	33	,'ernie_stenseth@aol.com'),	
(	34	,'albina@glick.com'),	
(	35	,'asergi@gmail.com'),	
(	36	,'solange@shinko.com'),	
(	37	,'jose@yahoo.com'),	
(	38	,'rozella.ostrosky@ostrosky.com'),	
(	39	,'valentine_gillian@gmail.com'),	
(	40	,'kati.rulapaugh@hotmail.com'),	
(	41	,'youlanda@aol.com'),	
(	42	,'doldroyd@aol.com'),	
(	43	,'roxane@hotmail.com'),	
(	44	,'lperin@perin.org'),	
(	45	,'erick.ferencz@aol.com'),	
(	46	,'fsaylors@saylors.org'),	
(	47	,'jina_briddick@briddick.com'),	
(	48	,'kanisha_waycott@yahoo.com'),	
(	49	,'emerson.bowley@bowley.org'),	
(	50	,'bmalet@yahoo.com'),	
(	51	,'bbolognia@yahoo.com'),	
(	52	,'lnestle@hotmail.com'),	
(	53	,'sabra@uyetake.org'),	
(	54	,'mmastella@mastella.com'),	
(	55	,'karl_klonowski@yahoo.com'),	
(	56	,'twenner@aol.com'),	
(	57	,'amber_monarrez@monarrez.org'),	
(	58	,'shenika@gmail.com'),	
(	59	,'delmy.ahle@hotmail.com'),	
(	60	,'deeanna_juhas@gmail.com'),	
(	61	,'bpugh@aol.com'),	
(	62	,'jamal@vanausdal.org'),	
(	63	,'cecily@hollack.org'),	
(	64	,'carmelina_lindall@lindall.com'),	
(	65	,'maurine_yglesias@yglesias.com'),	
(	66	,'tawna@gmail.com'),	
(	67	,'penney_weight@aol.com'),	
(	68	,'elly_morocco@gmail.com'),	
(	69	,'ilene.eroman@hotmail.com'),	
(	70	,'vmondella@mondella.com'),	
(	71	,'kallie.blackwood@gmail.com'),	
(	72	,'johnetta_abdallah@aol.com'),	
(	73	,'brhym@rhym.com'),	
(	74	,'micaela_rhymes@gmail.com'),	
(	75	,'tamar@hotmail.com'),	
(	76	,'moon@yahoo.com'),	
(	77	,'laurel_reitler@reitler.com'),	
(	78	,'delisa.crupi@crupi.com'),	
(	79	,'viva.toelkes@gmail.com'),	
(	80	,'elza@yahoo.com'),	
(	81	,'devorah@hotmail.com'),	
(	82	,'timothy_mulqueen@mulqueen.org'),	
(	83	,'ahoneywell@honeywell.com'),	
(	84	,'dominque.dickerson@dickerson.org'),	
(	85	,'lettie_isenhower@yahoo.com'),	
(	86	,'mmunns@cox.net'),	
(	87	,'stephaine@barfield.com'),	
(	88	,'lai.gato@gato.org'),	
(	89	,'stephen_emigh@hotmail.com'),	
(	90	,'tshields@gmail.com'),	
(	91	,'twardrip@cox.net'),	
(	92	,'cory.gibes@gmail.com'),	
(	93	,'danica_bruschke@gmail.com'),	
(	94	,'wilda@cox.net'),	
(	95	,'elvera.benimadho@cox.net'),	
(	96	,'carma@cox.net'),	
(	97	,'malinda.hochard@yahoo.com'),	
(	98	,'natalie.fern@hotmail.com'),	
(	99	,'lisha@centini.org'),	
(	100	, 'arlene_klusman@gmail.com')	;

--Data for customers phones
INSERT  INTO CustomerPhoneNumber(CustomerID,PhoneNumber) VALUES 
(1,'504-621-8927'),
(2,'810-292-9388'),
(3,'856-636-8749'),
(4,'907-385-4412'),
(5,'513-570-1893'),
(6,'419-503-2484'),
(7,'773-573-6914'),
(8,'408-752-3500'),
(9,'605-414-2147'),
(10,'410-655-8723'),
(11,'215-874-1229'),
(12,'631-335-3414'),
(13,'310-498-5651'),
(14,'440-780-8425'),
(15,'956-537-6195'),
(16,'602-277-4385'),
(17,'931-313-9635'),
(18,'414-661-9598'),
(19,'313-288-7937'),
(20,'815-828-2147'),
(21,'610-545-3615'),
(22,'408-540-1785'),
(23,'972-303-9197'),
(24,'518-966-7987'),
(25,'732-658-3154'),
(26,'715-662-6764'),
(27,'913-388-2079'),
(28,'410-669-1642'),
(29,'212-582-4976'),
(30,'936-336-3951'),
(31,'614-801-9788'),
(32,'505-977-3911'),
(33,'201-709-6245'),
(34,'732-924-7882'),
(35,'212-860-1579'),
(36,'504-979-9175'),
(37,'212-675-8570'),
(38,'805-832-6163'),
(39,'210-812-9597'),
(40,'785-463-7829'),
(41,'541-548-8197'),
(42,'913-413-4604'),
(43,'907-231-4722'),
(44,'305-606-7291'),
(45,'907-741-1044'),
(46,'952-768-2416'),
(47,'617-399-5124'),
(48,'323-453-2780'),
(49,'608-336-7444'),
(50,'215-907-9111'),
(51,'212-402-9216'),
(52,'931-875-6644'),
(53,'803-925-5213'),
(54,'610-814-5533'),
(55,'908-877-6135'),
(56,'516-968-6051'),
(57,'215-934-8655'),
(58,'818-423-4007'),
(59,'401-458-2547'),
(60,'215-211-9589'),
(61,'401-960-8259'),
(62,'732-234-1546'),
(63,'512-486-3817'),
(64,'303-724-7371'),
(65,'414-748-1374'),
(66,'212-674-9610'),
(67,'907-797-9628'),
(68,'814-393-5571'),
(69,'410-914-9018'),
(70,'208-862-5339'),
(71,'415-315-2761'),
(72,'919-225-9345'),
(73,'650-528-5783'),
(74,'925-647-3298'),
(75,'740-343-8575'),
(76,'585-866-8313'),
(77,'410-520-4832'),
(78,'973-354-2040'),
(79,'773-446-5569'),
(80,'973-927-3447'),
(81,'505-975-8559'),
(82,'718-332-6527'),
(83,'904-775-4480'),
(84,'510-993-3758'),
(85,'216-657-7668'),
(86,'817-914-7518'),
(87,'310-774-7643'),
(88,'847-728-7286'),
(89,'330-537-5358'),
(90,'215-255-1641'),
(91,'650-803-1936'),
(92,'626-572-1096'),
(93,'254-782-8569'),
(94,'907-870-5536'),
(95,'408-703-8505'),
(96,'510-503-7169'),
(97,'317-722-5066'),
(98,'307-704-8713'),
(99,'703-235-3937'),
(100,'504-710-5840');





--Brewery data
INSERT INTO brewery ( breweryID,
breweryName ,
  address,
  city ,
  state,
  postalCode,
  country ,
  phone ,
  website ,
  description) VALUES
 



(	1	,'(512) Brewing Company','407 Radam, F200','Austin','Texas','78745','United States','512.707.2337','http://512brewing.com/','(512) Brewing Company is a microbrewery located in the heart of Austin that brews for the community using as many local, domestic and organic ingredients as possible.')	,				
(	2	,'21st Amendment Brewery Cafe','563 Second Street','San Francisco','California','94107','United States','1-415-369-0900','http://www.21st-amendment.com/','The 21st Amendment Brewery offers a variety of award winning house made brews and American grilled cuisine in a comfortable loft like setting. Join us before and after Giants baseball games in our outdoor beer garden. A great location for functions and parties in our semi-private Brewers Loft. See you soon at the 21A!')	,				
(	8	,'Abbey Wright Brewing/Valley Inn','204 Valley Street','Williamsport','Pennsylvania','17702','United States','570.326.3383','http://www.valleyinnonline.com/',NULL)	,				
(	9	,'Aberdeen Brewing','210 Aberdeen Dr.','Valparaiso','Indiana',NULL,'United States','(219) 548-3300',NULL,NULL)	,				
(	10	,'Abita Brewing Company','PO Box 1510','Abita Springs','Louisiana','70420','United States','800-737-2311','http://www.abita.com/','Founded in 1986, the Abita Brewing Company is nestled in the piney woods 30 miles north of New Orleans. In its first year, the brewery produced 1,500 barrels of beer. We had no idea what we started. customer loved our beer! By 1994, we outgrew the original site (now our 100 seat brew pub) and were forced to move up the road to a larger facility to keep up with demand. Today, we brew over 62,000 barrels of beer and 3,000 barrels of root beer, and we are still growing! But do not let our growth fool you. Our lagers and ales are still brewed in small batches, hand-crafted by a team of dedicated workers with only the highest ideals of quality. This pride, along with our brewing process, is what creates our great brews. Abita uses only the finest ingredients British and American barley, German yeast, European and Washington State hops and the pure artesian water of Abita Springs. In Abita, we are blessed with the purest of water. Drawn from our deep wells, our pristine water is not altered in any way. Abita Beer has no preservatives, additives or stabilizers and is cold filtered. The result is beer that is the finest and freshest tasting as proven by our loyal customer and great chefs of the south who use Abita Beer in their recipes. we are proud of our brewery and the beers we make. Try Abita Beer today and taste a bit of the South!')	,				
(	14	,'Aksarben Brewing (BOP)','11337 Davenport St.','Omaha','Nebraska','68130','United States',NULL,NULL,'This brewery is closed.')	,				
(	16	,'Alameda Brewhouse','4765 NE Fremont','Portland','Oregon','97213','United States','1-503-460-9025',NULL,NULL)	,				
(	17	,'Alaskan Brewing','5429 Shaune Drive','Juneau','Alaska','99801','United States','1-907-780-5866','http://www.alaskanbeer.com/','The popularity of our beers has led to heroic efforts to keep up with the demand. We claim the unofficial record for production on a 10 barrel brewing system, with a whopping 42 batches in a single week. The addition of a new, 100-barrel brewhouse in 1995, and a Sankey-type keg system installed the following year, finally made it possible for us to serve the entire Pacific Northwest and later the Desert Southwest. Brewing beer in Alaska isnt easy. In the coastal community of Juneau, without road connections to the lower 48 states, everything arrives and leaves by water or air, and the weather always has the last word. We have learned to coordinate shipments for barges that couldnt dock in high winds, ferries that broke down, airplanes that overheaded, and trucks delayed by spring thaws that turned the roads to mush. We learned which suppliers were willing to airlift supplies and spare parts on short notice (at $1 per pound). We mastered wiring, plumbing, waste disposal and air quality control. We discovered that, if you had to, you could pour concrete in January by thawing the ground with heaters. Ah, but it all seems worthwhile if you can go home to a dinner of king crab or fresh halibut.')	,				
(	20	,'Ale Asylum','3698 Kinsman Blvd','Madison','Wisconsin','53704','United States','6086633926','http://www.aleasylum.com/','HOURS OF OPERATION:')	,				
(	21	,'AleSmith Brewing','9368 Cabot Drive','San Diego','California','92126','United States','1-858-549-9888','http://alesmith.com/',NULL)	,				
(	22	,'Alii Brewing',NULL,'Honolulu','Hawaii',NULL,'United States',NULL,NULL,NULL)	,				
(	23	,'Allagash Brewing','100 Industrial Way','Portland','Maine','4103','United States','1-800-330-5385','http://www.allagash.com/','Allagash Brewing Company sold its first batch of beer in the summer of 1995. The Allagash story, however, has roots that go much further back then the ten years the Portland, Maine brewery has been in operation. The roots go into the early 1990''s when founder Rob Tod saw something missing in the American beer market. They are interwoven in the craft brewing movement that has allowed the creativity of brewers to flourish over the last twenty years, and those same roots have ties that go back centuries-to the monasteries of Belgium, whose own ancient brewing methods are now practiced today by the brewers of Allagash. Allagash began as a one-man operation, with Tod assuming all brewing duties in a small space located in a building on the outskirts of the maritime city of Portland. Tod had worked in brewery settings before and recognized a void within the craft brewing movement. While both German and British styles had become prevalent throughout the U.S., the ever-creative Belgian-styles were very difficult to find. Through his travels, Tod had sampled many of these unique beers and felt that the flavors and traditions of this European nation needed to be shared with the American drinking public. He designed a small 15-barrel brewhouse specifically to embrace the Belgian tradition of beer making, gathered the finest array of authentic raw materials and began his quest towards the production of traditional Belgian style ales. Allagash began with the release of its Allagash White, modeled after the traditional White beers of Belgium. Also referred to as wit beers, they get their unique flavor from the use of wheat in place of barley, Curacao orange peel and the careful sprinkling of coriander and other spices. Allagash combined these ingredients with their very own proprietary Belgian yeast strain to create the remarkably unique and refreshing beer that is today their flagship brand. Allagash White developed a strong cult following around the Portland area where it was available at selected draft accounts. Due to its immediate success, the beer was soon made available in 12-ounce six-packs throughout the state of Maine. With the success of the first brand, Rob realized two things: The public was asking for some new styles and the workload was getting to be too much for one person. Soon after, two experienced brewers were hired and Allagash released their second brew, Allagash Double Ale. Using the philosophy and techniques created by the Trappist Monks of Belgium centuries ago, the staff created this beer using seven different malts, a traditional sugar, and their own Belgian yeast strain. The result was another unique yet balanced beer crafted in the classic Belgian style. To truly appreciate the classic styles and brewing traditions of Belgium, one must experience beer created in the classic Belgian package. This is why Allagash, after an extensive period of research, released their distinctive Reserve line of cork finished 750 ML bottles. This unique line employs the ancient tradition referred to as the m?©thode champenoise. The technique calls for two fermentations, one in the Brewery''s fermenting tanks and the second in the bottle itself. It is this second fermentation that produces a notable increase in carbonation, a softer mouthfeel, and beers of remarkable complexity. This method of bottle conditioning leaves a small amount of yeast in the bottle, creating what is known as a living beer. As a result, these styles have a greatly enhanced shelf life and some styles will age exceptionally, much like a fine wine. Just as the styles originate in Belgium, so does the package itself. To insure authenticity, Allagash imports the bottles and corks directly from the same country that designed the techniques. This enables the beers to reach carbonation levels similar to champagne while allowing the corks to pop characteristically upon serving. Today, Allagash still remains one of very few breweries in North America using this distinctive package. From the very beginning, Allagash has strived to produce the finest Belgian-style and experimental ales this side of the Atlantic. It began as New England''s original Belgian-Style brewery and has grown into one of the industry''s most distinguished and well-respected brands. Following the time-tested brewing traditions of ancient Belgium, Allagash now produces a broad-ranging portfolio of artisanal beers with uncompromising quality.')	,				
(	25	,'Allentown Brew Works','814 W Hamilton St','Allentown','Pennsylvania','18101','United States','610.433.7777','http://www.thebrewworks.com/allentown-brewworks/','The Allentown Brew Works is housed inside the historic Harold''s Furniture Building at 812 W Hamilton Street. Years in the making, the new Allentown restaurant and brewery are part of the continuing vision of the Fegley family that established the original Bethlehem Brew Works in 1998. Proud to be part of the resurging downtown, the 400 seat restaurant is a testament to the vibrant heartbeat that thrives in this Queen City. Offering two and a half levels of dining, plus state of the art banquet facilities in The Hamilton Room, and multiple bars offering different atmospheres, as well as an outdoor casual Biergarten and a new seductive lower level lounge Ôø? Silk.')	,				
(	28	,'Alltech''s Lexington Brewing Company','401 Cross Street','Lexington','Kentucky','40508','United States','1-859-887-3406','http://www.kentuckyale.com/kentuckyale/Index.html','Producers of Kentucky Ale brand. Also a very esteemed educational institution, specializing in distilling sciences and fermentation sciences.')	,				
(	29	,'Alpine Beer Company','2351 Alpine Boulevard','Alpine','California','91901','United States','1-619-445-2337','http://www.alpinebeerco.com/',NULL)	,				
(	32	,'America''s Brewing','205 North Broadway','Aurora','Illinois','60505','United States','1-630-264-2739',NULL,NULL)	,				
(	33	,'American River Brewing',NULL,'Auburn','California',NULL,'United States',NULL,NULL,NULL)	,				
(	34	,'Amerisports Brew Pub','8201 NE Birmingham Road','Kansas City','Missouri','64161','United States','1-816-414-7000',NULL,NULL)	,				
(	35	,'Amherst Brewing Company','24 North Pleasant Street','Amherst','Massachusetts','1002','United States','413-253-4400','http://www.amherstbrewing.com/','Amherst Brewing Company is a full-service brewpub located in downtown Amherst, Massachusetts. Our 10-Barrel brewery is visible from the bar and produces some of the finest ales and lagers for serving in our 150-seat restaurant and 100-seat lounge and game room. Brewery tours can be made by appointment. Our giant, brass-top bar seats over 30 people and is fully stocked, including Single Malt Scotches and Small Batch Bourbons. An additional 40 seats are available on our seasonal patio; the best place in town to relax and enjoy an ABC draft or specialty brew while watching passersby. --From Amherst Website')	,				
(	36	,'Amicas Pizza, Microbrews and More','136 East Second Street','Salida','Colorado','81201','United States','1-719-539-5219',NULL,NULL)	,				
(	38	,'Anacortes Brewing','320 Commercial Avenue','Anacortes','Washington','98221','United States','360-588-1720','http://www.anacortesrockfish.com/','Our brewers focus on high quality ingredients, a carefully controlled process and delicate handling to provide one of the best beers you will find in the industry. We operate a seven barrel brewery designed and installed by Sound Brewing Systems of Seattle with vessels fabricated by Ripley Stainless in British Columbia. Our brewery features a cold room specially designed for lagering to provide our beers with a traditional character and complexity.')	,				
(	39	,'Anchor Brewing','1705 Mariposa Street','San Francisco','California','94107','United States','1-415-863-8350',NULL,NULL)	,				
(	41	,'Anderson Valley Brewing','17700 Boonville Rd','Boonville','California','95415','United States','1-800-207-2337','http://avbc.com/',NULL)	,				
(	42	,'Andrew''s Brewing',NULL,'Lincolnville','Maine','4849','United States','(207) 763-3305',NULL,'Andy Hazen is a workhorse of a brewer. From start to finish, he is a one-man operation. The former cabinetmaker is also a self-reliant Mainer through and through. He was originally an all-grain homebrewer who decided to take it to the next level when his friends expressed interest in his beers. He designed the 12-barrel brewing system himself and enlisted a local welder to help put it together. Hazen notes that when you live in Maine, you have to find some service to provide to others in order to survive. For him, brewing is the service he provides to his local community. Located in the rolling hills of Lincolnville, Maine, Andrew''s is housed in a renovated farmhouse next to Hazen''s home. Finding the brewery is more than half the battle. Have no fear, however, as everyone knows about Andrew''s. Also, be aware that due to some thieving souls, the brewery no longer has any signage to announce its existence to the visiting public. The only indication that a brewery exists in the farmhouse are the occasional keg deliveries in Hazen''s front yard. And Hazen hasnt been quick to replace the sign either. While he welcomes visitors, you have to remember to clear a path for the busy brewer. Like many other unsung small brewers, running his 5OO-barrel per year brewery is a seven day a week operation for Hazen. Watching Hazen run the brewery is a little like watching Willy Wonka run the Chocolate Factory. When I visit him during a bottling day, Hazen runs between the bottling line and the packaging supplies in a hurried yet methodical manner. He stands up bottles on the line, starts the machine, slides his way across the brewhouse to the packaging materials, and hand assembles the six-packs that will hold the soon-to-be bottled beer. Andrew''s beer is straightforward, unassuming and entirely enjoyable. His product line includes the St. Nick Porter, the Northern Brown Ale, the English Pale Ale, and the summer seasonal Ruby''s Golden Ale. A celebration of the Amarillo hop, Hazen''s English Pale Ale is a delightfully balanced product that neither over or underwhelms the palate. from beerscribe.com')	,				
(	43	,'Angelic Brewing',NULL,'Madison','Wisconsin','53703','United States','1-608-257-2707',NULL,'(No longer brewing)')	,				
(	44	,'Anheuser-Busch','One Busch Place','Saint Louis','Missouri','63118','United States','1-800-342-5283','http://www.anheuser-busch.com/','Anheuser-Busch operates 12 breweries in the United States, 14 in China and one in the United Kingdom. Anheuser-Busch''s operations and resources are focused on adding to life''s enjoyment not only through the responsible consumption of beer by adults, but through theme park entertainment and packaging. In the United States, the company holds a 48.5 percent share of U.S. beer sales. Worldwide, Anheuser-Busch''s beer sales volume was 128.4 million barrels in 2007. The St. Louis-based company''s subsidiaries include one of the largest U.S. manufacturers of aluminum beverage containers and one of the world''s largest recyclers of aluminum beverage cans. Anheuser-Busch also has interests in malt production, rice milling, real estate development, turf farming, metalized and paper label printing, bottle production and transportation services.')	,				
(	45	,'Appalachian Brewing Company','50 N. Cameron St.','Harrisburg','Pennsylvania','17110','United States','717.221.1080','http://www.abcbrew.com','Appalachian Brewing Company is a unique large-capacity microbrewery and full-service brewpub located at 50 North Cameron Street Harrisburg, PA.')	,				
(	46	,'Appleton Brewing',NULL,'Appleton','Wisconsin',NULL,'United States',NULL,NULL,NULL)	,				
(	47	,'Arcadia Brewing','103 West Michigan Avenue','Battle Creek','Michigan','49017','United States','1-269-963-9690','http://www.arcadiaales.com/',NULL)	;	

-- Beer Category data
INSERT  INTO beerCategory(catName) VALUES 
('British Ale'),
('Irish Ale'),
('North American Ale'),
('German Ale'),
('Belgian and French Ale'),
('International Ale'),
('German Lager'),
('North American Lager'),
('Other Lager'),
('International Lager'),
('Other Styles');

-- Beer Style data
USE CST4714FinalProject;

INSERT INTO beerStyle(catID,styleName) VALUES 
(	1	,	'Classic English-Style Pale Ale')	,
(	1	,	'English-Style India Pale Ale')	,
(	1	,	'Ordinary Bitter')	,
(	1	,	'Special Bitter or Best Bitter')	,
(	1	,	'Extra Special Bitter')	,
(	1	,	'English-Style Summer Ale')	,
(	1	,	'Scottish-Style Light Ale')	,
(	1	,	'Scottish-Style Heavy Ale')	,
(	1	,	'Scottish-Style Export Ale')	,
(	1	,	'English-Style Pale Mild Ale')	,
(	1	,	'English-Style Dark Mild Ale')	,
(	1	,	'English-Style Brown Ale')	,
(	1	,	'Old Ale')	,
(	1	,	'Strong Ale')	,
(	1	,	'Scotch Ale')	,
(	1	,	'British-Style Imperial Stout')	,
(	1	,	'British-Style Barley Wine Ale')	,
(	1	,	'Robust Porter')	,
(	1	,	'Brown Porter')	,
(	1	,	'Sweet Stout')	,
(	1	,	'Oatmeal Stout')	,
(	2	,	'Irish-Style Red Ale')	,
(	2	,	'Classic Irish-Style Dry Stout')	,
(	2	,	'Foreign (Export)-Style Stout')	,
(	2	,	'Porter')	,
(	3	,	'American-Style Pale Ale')	,
(	3	,	'Fresh Hop Ale')	,
(	3	,	'Pale American-Belgo-Style Ale')	,
(	3	,	'Dark American-Belgo-Style Ale')	,
(	3	,	'American-Style Strong Pale Ale')	,
(	3	,	'American-Style India Pale Ale')	,
(	3	,	'Imperial or Double India Pale Ale')	,
(	3	,	'American-Style Amber/Red Ale')	,
(	3	,	'Imperial or Double Red Ale')	,
(	3	,	'American-Style Barley Wine Ale')	,
(	3	,	'American-Style Wheat Wine Ale')	,
(	3	,	'Golden or Blonde Ale')	,
(	3	,	'American-Style Brown Ale')	,
(	3	,	'Smoke Porter')	,
(	3	,	'American-Style Sour Ale')	,
(	3	,	'American-Style India Black Ale')	,
(	3	,	'American-Style Stout')	,
(	3	,	'American-Style Imperial Stout')	,
(	3	,	'Specialty Stouts')	,
(	3	,	'American-Style Imperial Porter')	,
(	3	,	'Porter')	,
(	4	,	'German-Style Kolsch')	,
(	4	,	'Berliner-Style Weisse')	,
(	4	,	'Leipzig-Style Gose')	,
(	4	,	'South German-Style Hefeweizen')	,
(	4	,	'South German-Style Kristal Weizen')	,
(	4	,	'German-Style Leichtes Weizen')	,
(	4	,	'South German-Style Bernsteinfarbenes Weizen')	,
(	4	,	'South German-Style Dunkel Weizen')	,
(	4	,	'South German-Style Weizenbock')	,
(	4	,	'Bamberg-Style Weiss Rauchbier')	,
(	4	,	'German-Style Brown Ale/Altbier')	,
(	4	,	'Kellerbier - Ale')	,
(	5	,	'Belgian-Style Flanders/Oud Bruin')	,
(	5	,	'Belgian-Style Dubbel')	,
(	5	,	'Belgian-Style Tripel')	,
(	5	,	'Belgian-Style Quadrupel')	,
(	5	,	'Belgian-Style Blonde Ale')	,
(	5	,	'Belgian-Style Pale Ale')	,
(	5	,	'Belgian-Style Pale Strong Ale')	,
(	5	,	'Belgian-Style Dark Strong Ale')	,
(	5	,	'Belgian-Style White')	,
(	5	,	'Belgian-Style Lambic')	,
(	5	,	'Belgian-Style Gueuze Lambic')	,
(	5	,	'Belgian-Style Fruit Lambic')	,
(	5	,	'Belgian-Style Table Beer')	,
(	5	,	'Other Belgian-Style Ales')	,
(	5	,	'French-Style Biere de Garde')	,
(	5	,	'French & Belgian-Style Saison')	,
(	6	,	'International-Style Pale Ale')	,
(	6	,	'Australasian-Style Pale Ale')	,
(	7	,	'German-Style Pilsener')	,
(	7	,	'Bohemian-Style Pilsener')	,
(	7	,	'European Low-Alcohol Lager')	,
(	7	,	'Munchner-Style Helles')	,
(	7	,	'Dortmunder/European-Style Export')	,
(	7	,	'Vienna-Style Lager')	,
(	7	,	'German-Style Marzen')	,
(	7	,	'German-Style Oktoberfest')	,
(	7	,	'European-Style Dark')	,
(	7	,	'German-Style Schwarzbier')	,
(	7	,	'Bamberg-Style Marzen')	,
(	7	,	'Bamberg-Style Helles Rauchbier')	,
(	7	,	'Bamberg-Style Bock Rauchbier')	,
(	7	,	'Traditional German-Style Bock')	,
(	7	,	'German-Style Heller Bock/Maibock')	,
(	7	,	'German-Style Doppelbock')	,
(	7	,	'German-Style Eisbock')	,
(	7	,	'Kellerbier - Lager')	,
(	8	,	'American-Style Lager')	,
(	8	,	'American-Style Light Lager')	,
(	8	,	'American-Style Low-Carb Light Lager')	,
(	8	,	'American-Style Amber Lager')	,
(	8	,	'American-Style Premium Lager')	,
(	8	,	'American-Style Pilsener')	,
(	8	,	'American-Style Ice Lager')	,
(	8	,	'American-Style Malt Liquor')	,
(	8	,	'American-Style Amber Lager')	,
(	8	,	'American-Style Marzen/Oktoberfest')	,
(	8	,	'American-Style Dark Lager')	,
(	9	,	'Baltic-Style Porter')	,
(	9	,	'Australasian-Style Light Lager')	,
(	9	,	'Latin American-Style Light Lager')	,
(	9	,	'Tropical-Style Light Lager')	,
(	10	,	'International-Style Pilsener')	,
(	10	,	'Dry Lager')	,
(	11	,	'Session Beer')	,
(	11	,	'American-Style Cream Ale or Lager')	,
(	11	,	'California Common Beer')	,
(	11	,	'Japanese Sake-Yeast Beer')	,
(	11	,	'Light American Wheat Ale or Lager')	,
(	11	,	'Fruit Wheat Ale or Lager')	,
(	11	,	'Dark American Wheat Ale or Lager')	,
(	11	,	'American Rye Ale or Lager')	,
(	11	,	'German-Style Rye Ale')	,
(	11	,	'Fruit Beer')	,
(	11	,	'Field Beer')	,
(	11	,	'Pumpkin Beer')	,
(	11	,	'Chocolate/Cocoa-Flavored Beer')	,
(	11	,	'Coffee-Flavored Beer')	,
(	11	,	'Herb and Spice Beer')	,
(	11	,	'Specialty Beer')	,
(	11	,	'Specialty Honey Lager or Ale')	,
(	11	,	'Gluten-Free Beer')	,
(	11	,	'Smoke Beer')	,
(	11	,	'Experimental Beer')	,
(	11	,	'Out of Category')	,
(	11	,	'Wood- and Barrel-Aged Beer')	,
(	11	,	'Wood- and Barrel-Aged Pale to Amber Beer')	,
(	11	,	'Wood- and Barrel-Aged Dark Beer')	,
(	11	,	'Wood- and Barrel-Aged Strong Beer')	,
(	11	,	'Wood- and Barrel-Aged Sour Beer')	,
(	11	,	'Aged Beer')	,
(	11	,	'Other Strong Ale or Lager')	,
(	11	,	'Non-Alcoholic Beer')	,
(	11	,	'Winter Warmer')	;

-- Beer data
INSERT INTO beer (beerID,breweryID, beerName, price, catID, styleID, ABV,  description  ) VALUES
(	923	,	21	,	'Speedway Stout', 1.99 ,	3	,	43	,	12	,	'A HUGE Imperial Stout that weighs in at an impressive 12% ABV! As if that''s not enough, we added pounds of coffee for a little extra kick. Our special-edition Brewer''s Reserve Speedway Stout, which is aged in Bourbon barrels, has been rated the #1 BEST BEER IN THE WORLD at ratebeer.com. It was also featured on CNBC''s Squawk Box in a segment on the best dark beers in America.')	,					
(	1256	,	29	,	'Pure Hoppiness', 1.99 ,	3	,	32	,	8	,	'A West Coast Double IPA
So mega-hopped it will take you to hop heaven. Wehave used hops in the boil, more hops in the giant hopback, and added to that, an incredible amount of dry-hopping for that cutting-edge hop bite. Once youhave tasted this unique beer, all others pale in comparison. 1.072 OG Classified IBU 8%ABV')	,							
(	3784	,	44	,	'Bud Light', 3.55 ,	8	,	96	,	4.199999809	,	'Introduced nationally in 1982, Bud Light is brewed using a blend of domestic and imported hops as well as a combination of barley malts and rice. It contains more malt and hops by ratio of ingredients than Budweiser, which gives the brew a distinctively clean and crisp taste.')	,							
(	3785	,	44	,	'Budweiser Select', 3.55 ,	8	,	96	,	4.300000191	,	'Bud Select is a new beer offering a bold taste with a full and distinct flavor that finishes clean. Budweiser Select was developed using two-row and roasted specialty malts for a rich color. It offers excellent drinkability and a taste that does not linger.')	,							
(	3788	,	45	,	'Broad Street Barleywine', 1.99 ,	3	,	35	,	8.699999809	,	'Our Barley Wine is dark red in color and has an original gravity of 1.120 (24 Plato). The malt complexity of this classic ale style is incredible.

The Broad Street Market is located just blocks from the Appalachian Brewing Company. This indoor farmers market was built in 1863 and is one of the oldest continuously operating farmers markets in the United States. The beautiful brick facade and natural wood doors are typical of the structures in Downtown Harrisburg; including our own building.')	,							
(	3789	,	45	,	'Water Gap Wheat', 7 ,	11	,	116	,	4.5	,	'This light refreshing wheat beer is sure to delight. Our special yeast and blend of malted and unmalted wheat provide the haze in our unfiltered style ale. This beer is traditionally served with a lemon slice on the side. 
There are many water gaps along the Appalachian Trail. These water gaps were established where large rivers cut through the Appalachian Mountain Range. The Susquehanna River creates one of the more visually appealing water gaps just north of Harrisburg in the area at the Dauphin Narrows.')	,							
(	3790	,	45	,	'Mountain Lager', 3.55 ,	8	,	95	,	4.5	,	'The Dortmunder-Export style of beer was developed in Westfalen, Germany, and is a classic light lager with great character. This style boasts a light golden blonde color and exhibits a moderate hop palate. The finish of our Mountain Lager is rich yet mellow.
Our brewers have developed this beer as a tribute to the Appalachian Mountains where we live and play.')	,							
(	3791	,	45	,	'Volks Weizenbock', 4.31 ,	4	,	55	,	7.199999809	,	'Volks Weizenbock combines the strong malty component of a bock bier with the tangy, spiciness of the Hefe Weizen.  This beer is brewed 1 1/2 times stronger than our Hefe Weizen and is aged commensurately longer for extra smoothness!  
Volks Weizenbock is The Peoples Beer')	,							
(	3792	,	45	,	'Purist Pale Ale', 1.99 ,	3	,	26	,	4.900000095	,	'Our light copper pale ale has a delicate malt attribute balanced by an aggressive hop flavor and aroma. Many American micros have developed their own version of this classic English style beer. Our brewers anticipate that you will enjoy their variation. 
Hikers on the Appalachian Trail are considered purist hikers if they cover every inch of the trail during the hike. Our brewers refuse to compromise the quality of our products with the purist hiker in mind.')	,							
(	3793	,	45	,	'Jolly Scot Scottish Ale', 1.55 ,	1	,	15	,	5.199999809	,	'This flavorful sweet ale has a smooth malt finish balanced against a light hop flavor. This beer is very quaffable and has become a brewpub favorite throughout the United States. Jolly Scot was a famed local beer produced by R.H. Graupners Brewery that was located at 10th and Market ?¢‚Ç¨‚Äú one block from our brewery.')	,							
(	3794	,	45	,	'Hoppy Trails India Pale Ale', 1.99 ,	3	,	31	,	6.199999809	,	'This IPA is an exciting beer with a floral in aroma and an incredible hop flavor. The maltiness is increased (over a regular pale ale) to help balance the aggressive hop usage. This contributes to the higher alcohol content as well When India was part of the British Empire, pale ale shipped to the troops would often spoil due to the rough voyage and temperature extremes. The brewers had a theory that if they loaded the beer with extra hops, the hops would preserve the beer. Of course, this added significantly to the beer''s flavor and aroma. When the troops returned to Britain, they had become hop-heads, appreciating the beauty of the hop over-influence. Regular pale ale was simply not enough anymore! A new beer style, India Pale Ale, had been created: an aggressively hoppy and now quite happy to be home pale ale.')	,							
(	3795	,	45	,	'Susquehanna Stout', 1.99 ,	3	,	42	,	4.599999905	,	'This representation of the classic Irish Dry Stout has a smooth roast flavor due to the use of specially roasted barley. The barley kernels are kilned at very high temperatures until they are dark brown to black in color. 
The Susquehanna River is named after the Susquehannock Indians who settled in our area. This shallow river is over one mile wide in the Harrisburg area and flows from southern New York through Pennsylvania to the Chesapeake Bay.')	,							
(	3796	,	45	,	'Zoigl Star Lager', 3.55 ,	8	,	95	,	5.900000095	,	'Zoigl is a golden, unfiltered lager beer which was originally brewed only in the region of Eastern Bavaria, between Franconia and the Czech Republic. For centuries, Zoigl was brewed in brewhouses owned by the town or an association of small brewers. 

The Zoigl-Star, a six-angular star similar to the Star of David, was the sign of brewers in the middle ages. The star symbolizes the three elements (water, earth, and fire) and the three ingredients (water, malt, and hops) used for brewing. The importance of the yeast was not yet known in the 1400s')	,							
(	3797	,	45	,	'Abbey Roade Belgian Ale', 5.35 ,	5	,	72	,	6.400000095	,	'Abbey Roade is brewed in the tradition of the famous Belgian Abbey-style ales.  This wonderful brew is soft and sweet up front.  The complex and spicy middle palate is in most part due to the generous addition of dark Belgian candy sugar.  This semi-dry ale has notes of ripe plum and pear with a peppery finish. 
The origins of the Abbey-style ale date back to the Middle Ages.  Monks residing in monasteries, called Abbeys, brewed beer as a source of nutrition during their frequent and often lengthy fasting periods.')	,							
(	3798	,	45	,	'Celtic Knot Irish Red', 1.99 ,	3	,	33	,	4.800000191	,	'This wonderful red ale has a perfect balance of hops and malt.  The clean finish will leave your palate begging for more.')	,							
(	3799	,	45	,	'Peregrine Pilsner', 2.99 ,	7	,	77	,	4.800000191	,	'This Czechoslovakian style Pilsner is golden in color and hopped with a bunch of genuine Czechoslovakian Saaz hops. These hops provide a special floral aroma and a delightfully hoppy finish.
Peregrine Falcons were recently reintroduced to the Harrisburg area as well as other large cities in Pennsylvania. This Falcon is one of the fastest birds, reaching speeds in excess of 200 miles per hour. Its unique ability to rid urban areas of its nemesis, the pigeon, has cities throughout the region clamoring for the Peregrine as a permanent resident.')	,							
(	3800	,	45	,	'Anniversary Maibock', 2.99 ,	7	,	91	,	7.199999809	,	'The Maibock style was traditionally produced in the winter and released in early May to celebrate the coming of Spring. This malty lager is deep golden in color and medium in body. The finish holds a bold sweetness that is balanced by a subtle hop flavor and aroma. 

We will be releasing this beer every spring in celebration of our Anniversary.')	,							
(	3801	,	45	,	'Hinterland Hefe Weizen', 4.31 ,	4	,	50	,	5.300000191	,	'A special German wheat ale yeast produces clove and banana flavors during fermentation leaving this unfiltered beer with an incredibly spicy and fruity complexity!

Our Brewmaster has acquired many medals at the Great American Beer Festival for this beer style. A difficult, four-step infusion mash schedule produces the complexity of this traditional beer style.')	,							
(	3803	,	45	,	'Kipona Fest', 2.99 ,	7	,	84	,	5.199999809	,	'This Oktoberfest style Marzen is a favorite at the famous Bavarian fall beer festivals. The distinct toasted malt flavor of this amber lager finishes quite crisp due to the extensive lagering of this beer. One sip and you will swear you are in Munich. Kipona is the Indian word for sparkling water. Each year, over Labor Day weekend, Harrisburg celebrates Kipona with a carnival and festival along the Susquehanna River and on City Island.')	,							
(	3804	,	45	,	'Trail Blaze Organic Brown Ale', 1.99 ,	3	,	38	,	5.300000191	,	'Trail Blaze Organic American Brown Ale exhibits a beautiful deep copper color and an evident hop bitterness & aroma.  This is balanced against roasted caramel-like characteristics and hints of chocolate. Our first in a series of organic beers is named for the markers that keep a hiker on the correct path.  Many of the hiking trails in our area have simple to very distinguished trail blazes.  After a long hike, there is nothing better at the end of the trail than ABC organic ale.')	,							
(	3805	,	45	,	'Pennypacker Porter', 2.55 ,	2	,	25	,	5.400000095	,	'This full-bodied dry cousin of the stout has a slight roast flavor and is dark brown in color with a red hue. This is London''s classic beer style named for the baggage carriers that appreciated it so much.Governor Pennypacker was one of Pennsylvania''s more notable politicians. He oversaw the construction and held the lavish ceremonies designating the opening of the Commonwealth''s beautiful Capitol Building')	,							
(	3806	,	45	,	'Grinnin Grizzly Spiced Ale', 1.99 ,	3	,	33	,	5.699999809	,	'This amber ale is dosed with cinnamon, nutmeg, ginger, and fresh orange zest. It is well balanced with low hop flavor and nice hint of the spices in the finish. This spiced ale is not overbearing; rather it is smooth and very drinkable.')	,							
(	3976	,	44	,	'Wild Blue Blueberry Lager', 5.35 ,	5	,	70	,	8	,	'Wild Blue is brewed with a blend of German hops from the Hallertau region in Bavaria and classic Aroma hops from the Willamette Valley in the Pacific Northwest. A combination of two- and six-row barley malt was also chosen specifically for this recipe. Beer lovers will also appreciate this specialty fruit-infused lager''s striking burgundy color, ripe blueberry aroma and its ability to stand up to the strongest of foods.')	,							
(	3977	,	44	,	'Shock Top', 5.35 ,	5	,	67	,	5.199999809	,	'Shock Top is an unfiltered Belgian-style wheat ale (also known as a White or Wit beer due to its appearance) that is naturally cloudy with a billowy white foam head, light golden hue and slight taste of orange citrus peel and coriander.')	,							
(	3978	,	2	,	'South Park Blonde', 1.99 ,	3	,	37	,	5	,	'Light golden color. Sweet dry aroma with crisp, clear bitterness. Brewed with imported German hops.The perfect beer to have when you would like to have more than one.')	,							
(	3979	,	2	,	'Bitter American', 1.55 ,	1	,	4	,	3.599999905	,	'An American session beer. Loaded with hop character and a malty presence, but lower in alcohol.')	,							
(	3980	,	2	,	'Watermelon Wheat', 5.35 ,	5	,	70	,	5.5	,	'The definition of summer in a pint glass. This unique, American-style wheat beer, is brewed with 400 lbs. of fresh pressed watermelon in each batch. Light turbid, straw color, with the taste and essence of fresh watermelon. Finishes dry and clean. Now Available in Cans!')	,							
(	3981	,	2	,	'Amendment Pale Ale', 1.99 ,	3	,	26	,	5.199999809	,	'Rich golden hue color. Floral hop with sweet malt aroma. Medium mouth feel with malt sweetness, hop quenching flavor and well-balanced bitterness.')	,							
(	3982	,	2	,	'Potrero ESB', 1.55 ,	1	,	4	,	5.199999809	,	'Traditional English E.S.B. made with English malt and hops. Fruity aroma with an imparted tart flavor brought about by replicating the water profile in England at Burton on Trent.')	,							
(	3983	,	2	,	'North Star Red', 1.99 ,	3	,	33	,	5.800000191	,	'Deep amber color. Subtle hop floral nose intertwined with sweet crystal malt aromas. Rich malt flavors supporting a slight bitterness finish.')	,							
(	3984	,	2	,	'General Pippo''s Porter', 2.55 ,	2	,	25	,	5.5	,	'Deep toffee color with rich roasty and subtle hop aroma. Chocolate flavors dominate the palate and interact with back-end sweetness.')	,							
(	3985	,	2	,	'21A IPA', 1.99 ,	3	,	31	,	7.199999809	,	'Deep golden color. Citrus and piney hop aromas. Assertive malt backbone supporting the overwhelming bitterness. Dry hopped in the fermenter with four types of hops giving an explosive hop aroma. Many refer to this IPA as Nectar of the Gods. Judge for yourself. Now Available in Cans!')	,							
(	3986	,	2	,	'Oyster Point Oyster Stout', 1.99 ,	3	,	42	,	5.900000095	,	'Deep black color. Chocolate milk color head, providing an array of Belgian lace. Toffee and light roasty aromas and flavors. A malty sweet taste is evident but, this rich oatmeal based stout finishes dry. Made with 20 lbs. of oysters, in the boil, from our good friends at Hog Island Oyster Company.')	,							
(	3987	,	2	,	'563 Stout', 1.99 ,	3	,	42	,	5	,	'Deep black color, toasted black burnt coffee flavors and aroma. Dispensed with Nitrogen through a slow-flow faucet giving it the characteristic cascading effect, resulting in a rich dense creamy head.')	,							
(	3988	,	2	,	'Double Trouble IPA', 1.99 ,	3	,	32	,	9.800000191	,	'Deep, golden, rich malt flavor huge citrus, fruity grassy, ethanol sweetness aroma with a profound bitterness, yet balanced malt back bone with grapefruit, mellow citric overtones. Dry hopped three times in the fermenter. Brewed with over 65 lbs of hops for 300 gallons of beer. The beer to bring world peace and end the war. Bronze Medal - 2006 Imperial IPA Festival at the Bistro in Hayward, California.')	,							
(	4079	,	17	,	'Alaskan Amber', 1.55 ,	1	,	13	,	5.300000191	,	'Alt. The name of this beer style comes from the German word alt  meaning old. This refers to the aging that alts undergo since they ferment more slowly and at colder temperatures than most ales. Slow fermentation helps condition the flavors in Alaskan Amber, contributing to its overall balance and smoothness.

Richly malty and long on the palate, with just enough hop backing to make this beautiful amber colored alt style beer notably well balanced.

Alaskan Amber is made from glacier-fed water and a generous blend of the finest quality European and Pacific Northwest hop varieties and premium two-row pale and specialty malts.  Our water originates in the 1,500 square-mile Juneau Ice Field and the more than 90 inches of rainfall we receive each year.')	,							
(	4080	,	17	,	'Alaskan Pale', 1.99 ,	3	,	37	,	5.199999809	,	'Golden Ale. A blonde, lighter bodied beer with a floral aroma and a crisp, hoppy finish that''s not bitter. The hop character of Alaskan Pale is due to dry hopping by hand during the fermentation process.

A clean, softly malted body with a hint of citrus overtones, followed by a hop-accented dry, crisp finish.

Alaskan Pale is made from glacier-fed water and a generous blend or European and Pacific Northwest hop varieties and premium two-row pale and specialty malts. Our water originates in the 1,500 square-mile Juneau Ice Field and the more than 90 inches or rainfall we receive each year.')	,							
(	4081	,	17	,	'Alaskan Stout', 1.55 ,	1	,	21	,	5.699999809	,	'Oatmeal Stout. The origins of Oatmeal Stout go back hundreds of years when oats were added to Stouts to promote a healthier image than other beers available during that time period.

The unique blend of the oats and malts in Alaskan Stout produce a balanced, smooth beer with hints of coffee and caramel.

Alaskan Stout is made from glacier-fed water and a generous belnd of European and Pacific Northwest hop varieties and premium two-row and specialty malts. Our water originates in the 1,500 square-mile Juneau Ice Field and the from the more than 90 inches of rainfall Juneau receives each year.')	,							
(	4082	,	17	,	'Alaskan ESB', 1.55 ,	1	,	5	,	5	,	'Extra Special Bitter Ale. Alaskan ESB is darker and hoppier and is brewed and fermented at different temperatures than our popular Alt-style Amber. It has an exquisite copper color derived from Crystal malt and an aggressive, yet pleasant hop character.

Malty with roasted overtones, Alaskan ESB has a crisp finish resulting from the use of premium Northwest hops.

Alaskan ESB is made from glacier-fed water and a generous blend of the finest quality European and Pacific Northwest hop varieties and premium two-row and specialty malts. Our water originates in the 1,500 square-mile Juneau Ice Field and from the more than 90 inches of rainfall we receive each year.')	,							
(	4083	,	17	,	'Alaskan IPA', 1.99 ,	3	,	31	,	6.199999809	,	'India Pale Ales are characterized by intense hop flavor and aroma accompanied by higher alcohol content. This style possesses medium maltiness and body while also being crisp and dry. Citrus flavors and aromas are moderate to very strong.

Alaskan IPA is honey gold in color with a fruity, citrus aroma. An enticing blend of hops and our dry hopping process, in which hops are added directly to tanks during fermentation, give this brew a very intense, complex aromatic character with a refreshing hop finish.

Alaskan IPA is made from glacier-fed water and a generous blend of the finest quality European and Pacific Northwest hop varieties and premium two-row and specialty malts. Our water originates in the 1,500-square-mile Juneau Ice Field and from more than 90 inches of rainfall each year.')	,							
(	4084	,	17	,	'Alaskan Smoked Porter', 2.55 ,	2	,	25	,	6.5	,	'Smoked Beer. Known as rauchbier in Germany, smoke-flavored beers were virtually unknown in the U.S. until Alaskan Smoked Porter was developed in 1988.

The dark, robust body and pronounced smoky flavor of this limited edition beer make it an adventuresome taste experience. Alaskan Smoked porter is produced in limited vintages each year and unlike most beers, may be aged in the bottle much like fine wine.

Water, five types of malt, 2 varieties of hops and yeast with no adjuncts, no preservatives and no pasteurization. Our glacier-fed water originates in the 1,500 square-mile Juneau Ice Field. Prior to brewing, selected malts are smoked in small batches under carefully controlled conditions in a commercial food smoker using local alder wood.')	,							
(	4085	,	17	,	'Winter Ale', 7 ,	11	,	141	,	6.400000095	,	'English Olde Ale. Traditionally malty with the warming sensation of alcohol, Olde Ales are brewed in the fall as winter warmers.

Brewed in the style of an English Olde Ale, this ale balances the sweet heady aroma of spruce tips with the clean crisp finish of noble hops. Its malty richness is complemented by the warming sensation of alcohol.

Alaskan Winter is made from glacier-fed water, Sitka spruce tips and a generous blend of the finest quality European and Pacific Northwest hop varieties and specialty malts. Our water originates in the 1,500-square-mile Juneau Ice Field and from the more than 90 inches of rainfall we receive each year.')	,							
(	4087	,	17	,	'Alaskan Barley Wine Ale', 1.99 ,	3	,	35	,	10.39999962	,	'Alaskan Barley Wine is produced in small batches each year. Typically this higher alcohol beverage is brewed in the spring, cellared in the tunnels of the Alaska-Juneau Gold Mine for the summer and retrieved in time for its release at the Great Alaska Beer and Barley Wine Festival in January. The cool tunnels of the mine shaft provide natural refrigeration and a prime environment for the aging process. 

Like a fine wine, Alaskan Barley Wine can be aged for years. The bottling of the 2007 vintage of Alaskan Barley Wine will allow individuals to age it to their liking. We figured we would leave it up to individuals as to how long to age their Alaskan Barley Wine, said Quality Assurance Analyst Ryan Harvey. Some people like barley wines fresh, and others store it for years.')	,							
(	4105	,	25	,	'Pig Pen Pilsener', 2.99 ,	7	,	77	,	4.699999809	,	'Crisp Clean and refreshing Golden Lager brewed with German Malt and Hops for an authentic flavor. Pig Pen Pils is a great introduction into the world of Craft Brewed beer.')	,							
(	4106	,	25	,	'Fegley''s Amber Lager', 1.99 ,	3	,	33	,	5.199999809	,	'Amber Colored lager with a nice caramel malt flavor backed by a nice dose of Imported Hersbrucker Hops for a nice easy drinking lager.')	,							
(	4107	,	25	,	'Steelgaarden Wit', 5.35 ,	5	,	67	,	5.199999809	,	'Unfiltered Belgian Style beer is brewed with special yeast that lends a unique refreshing flavor to the beer. Brewed with Chamomile, Curacao Orange peel and Coriander to create a smooth citrus finish. Usually enjoyed with a slice of lemon.')	,							
(	4108	,	25	,	'Hop Explosion', 1.99 ,	3	,	31	,	7	,	'Hoppiest Brew Works beer ever? The smell of grapefruit, a sweet malt flavor, and oh by the way, lots of hop bitterness. Brewed in the tradition of West Coast ales, we have put loads of malt and hops in our kettle to come up with this sensational ale. Brewed with pale, and crystal malts, hopped with Tomahawks for Yakima Valley, WA. This beer styled has made many a microbrewery famous and this one is sure to please all those who love hops.')	,							
(	4109	,	25	,	'Pawn Shop Porter', 2.55 ,	2	,	25	,	5.699999809	,	'Dark brown with ruby highlights this brew has a deep chocolate flavor backed by a smooth caramel finish. Brewed with English malt and hops for an authentic flavor')	,							
(	4110	,	25	,	'Apricot Ale', 7 ,	11	,	116	,	5.400000095	,	'Unfiltered wheat beer brewed with apricots creating a smooth and thirst quenching full flavored fruit beer.')	,							
(	4111	,	25	,	'Pumpkin Ale', 7 ,	11	,	123	,	5.199999809	,	'Our Holiday beer is made with real pumpkins, cloves, ginger, all-spice, nutmeg and cinnamon. This light copper colored winter ale will tantalize your taste buds. Pumkin pie in a glass!')	,							
(	4112	,	25	,	'Rude Elf''s Reserve', 1.99 ,	3	,	29	,	10.5	,	'Our silver medal winning Belgian style Holiday beer brewed with dark Belgian candied sugar and special spices. This brew has a spicy aroma and flavor with a sweet malt taste. At 10.5% alcohol it is sure to warm you up during the Holiday season.')	,							
(	4282	,	23	,	'Allagash White', 5.35 ,	5	,	67	,	5	,	'Our interpretation of a traditional Belgian wheat beer, Allagash White is unique and truly refreshing. Brewed with a generous portion of wheat and our own special blend of spices, this beer is light and slightly cloudy in appearance, with a spicy aroma. Overall, it is a beer that is very drinkable and smooth any time of the year.



Available in: 12 oz and 750 ml bottles, 15.5 and 5.17 gal kegs
ABV: 5.0%
Original Gravity: 1048
Recommended Serving Temp: 34F to 50F')	,							
(	4347	,	41	,	'Barney Flats Oatmeal Stout', 1.99 ,	3	,	42	,	5.699999809	,	'With its deep, dark brown-black color, thick, full-bodied, velvety-smooth mouth feel, mocha character, and, strong yet subtle hop bite,  Barney Flats Oatmeal Stout  is one of the thickest, richest, and most complex stouts on the market today. In 1990, it became our first gold medal winner, at the Great American Beer Festival.  Barney Flats  was judged so superior to the other stouts that no other medals were even awarded in its catagory. Try it and see why Stewart Kallen described it as, Slippery, creamy, dark, and sweet as a Pacific May morning,in his book,  The 50 Greatest Beers in the World

Barney Flats Oatmeal Stout Most recently won the Silver Medal at the 2004 World Beer Cup¬Æ and the Bronze Medal at the 2004 GABF , as well as several other medals . Click the blue ribbon to see the entire list.

As with all of our products, Barney Flats Oatmeal Stout is never sterile filtered nor heat pasteurized, and should be stored in refrigeration. However, to fully enjoy its rich and complex flavor, it should be served between 40¬? and 45¬?F')	,							
(	4377	,	44	,	'Bud Dry', 3.55 ,	8	,	96	,	5	,	'Introduced in 1989 Bud Dry is the first dry-brewed beer produced by an American brewer. It is brewed with select hops, grains and barley malt, which results in a lighter body and less-sweet taste. As with all Anheuser-Busch beers, it is cold-filtered for a smooth draft taste, but then goes through a second cold-filtered finishing process to provide its unique taste.')	,							
(	4379	,	44	,	'Bud Light Lime', 3.55 ,	8	,	96	,	4.199999809	,	'Exactly what it says, Bud Light and Lime. Brewed in Georgia.')	,							
(	4383	,	44	,	'Bud Ice', 3.55 ,	8	,	95	,	5.5	,	'Actually an Ice Lager. Introduced in 1984.')	,							
(	4384	,	44	,	'Bud Ice Light', 3.55 ,	8	,	95	,	4.099999905	,	'Introduced in 1994.')	,							
(	4385	,	44	,	'Michelob Amber Bock', 3.55 ,	8	,	95	,	5.199999809	,	'Michelob AmerBock is American-style bock beer with a rich, malty and smooth taste that is hearty and full-bodied, yet finishes cleanly. Anheuser-Busch introduced this premium-plus beer nationally in 1995.')	,							
(	4386	,	44	,	'Michelob Ultra Amber', 3.55 ,	8	,	95	,	5	,	'Michelob ULTRA Amber is an American-style amber lager that boasts a beautifully rich, dark-amber color with a full-bodied, malty taste that also is low in calories and carbohydrates.')	,							
(	4387	,	44	,	'Michelob Beer', 3.55 ,	8	,	95	,	5	,	'Michelob is a malty and full-bodied lager with an elegant European hop profile.')	,							
(	4390	,	44	,	'Michelob Light', 3.55 ,	8	,	96	,	4.300000191	,	'Michelob Light is a full-flavored and rich-tasting light lager offering a malty sweetness and aromatic hop profile')	,							
(	4428	,	39	,	'Anchor Summer Beer', 7 ,	11	,	116	,	4.599999905	,	'Anchor Summer is the first American wheat beer in modern times. Our first brew of this light and refreshing beer was in the summer of 1984.

Anchor Summer is an all-malt beer, and over 50% of its malt comes from malted wheat. It is fermented with a Triticum aestivum, AKA wheat traditional top-fermenting ale yeast because we prefer the clean flavors developed by this yeast. We believe that this style best celebrates the refreshingly light flavor of malted wheat. You may notice that the head on this beer is unusually abundant, with a consistency similar to whipped egg whites. This is due to protein contributed by the wheat.

The brewers at Anchor are proud to have revived not only rich hearty dark beers, but also this light crisp style of a modern American wheat beer.

Summer getaway Wheat malt contributes to an unusual lightness and dryness to the palate, and this?¢‚Ç¨‚Äùcombined with the distinctive flavor of the wheat?¢‚Ç¨‚Äùmakes for a perfect thirst-quenching beverage. It is the ideal drink for beer lovers who appreciate tradition and character in their beer, but also seek a lighter, refreshing style, perfect for warm weather.

-http://www.anchorbrewing.com/beers/summerbeer.htm')	,							
(	4474	,	47	,	'Cocoa Loco', 1.99 ,	3	,	43	,	7	,	'Great chocolate stoudt.')	,							
(	4482	,	41	,	'Hop Ottin IPA', 1.99 ,	3	,	31	,	7	,	'Hop Ottin IPA is as hoppy as they come. The name means hard working hops, in Boontling, and that tells it all. Generous additions of high-alpha Pacific Northwest hops added during a vigorous boil, plus traditional dry hopping, with whole hop cones, give this ale a delicious citrus aroma, and an intense hoppy bite. This IPA is a hop lover''s dream.')	,							
(	4508	,	41	,	'Summer Solstice Cerveza Crema', 7 ,	11	,	113	,	5.599999905	,	'This copper colored ale is smooth, malty, and lightly sweet, with a delicate hint of spice for that oh-so-drinkable, extra velvety flavor.  The character is lighter in body than its cousin our wildly popular Winter Solstice Seasonal Ale.  This is a silky, creamy dream, perfect as a warm weather beer.')	,							
(	4538	,	47	,	'Hopmouth Double IPA', 1.99 ,	3	,	32	,	8	,	'The first in our Brew Crew Big Beer Series, Hopmouth Double IPA is a hop lover''s delight!  Deep amber hue with a generous white head, Hopmouth showcases a rich, toasty flavor and a sweet caramel notes as a result of the high-quality Maris Otter Malt, imported from the UK.  The hops are right up front in the aroma, reminiscent of citrus and pine, while the resin-like flavors linger well after the last sip.

This is a BIG beer.  True to our original vision, we have achieved a level of balance and drinkability rarely found in this style.  Delicious on its own, Hopmouth is also a brilliant pair with many boldly-flavored foods, including many cheeses and desserts.')	,							
(	4548	,	35	,	'North Pleasant Pale Ale', 1.99 ,	3	,	26	,	5.25	,	'Light gold in color, slightly malty and hoppy, with a mild flowery hop finish.')	,							
(	4549	,	35	,	'Massatucky Brown', 1.99 ,	3	,	38	,	5.25	,	'Light brown medium bodied ale. Smooth, malty and slightly roasted flavor.')	,							
(	4550	,	35	,	'Two Sisters Imperial Stout', 1.99 ,	3	,	43	,	6.699999809	,	'Dark, rich, hearty, smooth and chocolaty. The two siloettes on the logo are Marina and Kshusha adopted from Russia by Amherst Brewing Company''s owners, John and Terrie.')	,							
(	4551	,	35	,	'Heather Ale', 7 ,	11	,	126	,	5.400000095	,	'2003 Silver medal winner herb and spice catagory Great American Beer Fest, made without hops, 100% heather flowers giving it a flowery aroma, subtle sweetness, and crisp, clean finish.')	,							
(	4552	,	35	,	'Lewmeister Oktoberfest', 2.99 ,	7	,	84	,	5.400000095	,	'Amber, full-bodied lager made in the traditional style with German hops. Brewed in early August and put on tap with a keg of the previous years batch by October of each year. This beer is brewed in memory of Lewis, the owners beer-drinking long-haired Dachsund, who passed away at 17-1/2 on 8/17/99.')	,							
(	4553	,	35	,	'Raspberry Brown Ale', 1.99 ,	3	,	38	,	4.900000095	,	'Our Massatucky Brown Ale with a subtle raspberry flavoring')	,							
(	4554	,	35	,	'Workingman''s Wheat', 4.31 ,	4	,	50	,	4.900000095	,	'Light crisp American style wheat with a medium hop finish. Made using 25% German wheat malt. Brewed and on tap each summer.')	,							
(	4555	,	35	,	'Righteous Red', 1.99 ,	3	,	33	,	4.599999905	,	'Reddish amber in color, mild and malty with hop aroma and finish.')	,							
(	4556	,	35	,	'Graduation Ale', 1.99 ,	3	,	26	,	5.5	,	'Golden pale ale, slightly hoppy. Brewed each May for the upcoming graduates. It took you four hard years to graduate so we made this one easy to drink. Congratulations!')	,							
(	4557	,	35	,	'Patriots Pilsner', 2.99 ,	7	,	77	,	4.800000191	,	'A traditional European Pilsner light in body and color. This brew possesses mild hoppy flavors and a crisp clean finish. It is made with traditional European hops: Hallertau and Saaz.')	,							
(	4558	,	35	,	'Amherst ESB', 1.55 ,	1	,	5	,	5.349999905	,	'Amber in color, medium body with very hoppy aroma and bitter finish. Dry hopped with Oregon Goldings')	,							
(	4559	,	35	,	'Honey Pilsner', 2.99 ,	7	,	77	,	5.199999809	,	'Crisp light lager, slightly malty with subtle hints of wildflower honey. Finished with Hallertau and Saaz hops')	,							
(	4560	,	35	,	'Puffers Smoked Porter', 2.55 ,	2	,	25	,	4.599999905	,	'Dark, full bodied ale with a prominent smoked malt flavor')	,							
(	4561	,	35	,	'Boltwood Bock', 2.99 ,	7	,	90	,	5.699999809	,	'Light in color, full bodied and very malty, this lager has a toasted malt flavor. Brewed in February and usually on tap by May with a keg of the previous year''s batch.')	,							
(	4562	,	35	,	'Bankers Gold', 1.99 ,	3	,	37	,	4.599999905	,	'Just another day at the bank. Very light, mild ale with a subtle hop finish. Brewed once a year in early Spring.')	,							
(	4563	,	35	,	'Half in the Bagpipe', 1.55 ,	1	,	15	,	7.199999809	,	'Amber in color, full-bodied strong ale with a prominent malt flavor delicately balanced with Goldings hops. Made with a hint of molasses, this beer is usually on tap for Super Bowl with a keg or two of the previous year''s batch.')	,							
(	4564	,	35	,	'Cascade IPA', 1.99 ,	3	,	31	,	5.300000191	,	'Light in color, medium body, with a hop bitterness and Cascade hop finish.')	,							
(	4565	,	35	,	'Olde #8 Anniversary Ale', 4.31 ,	4	,	57	,	6.849999905	,	'Brewed for August each year to celebrate our Anniversary this strong ales maltiness is balenced by a generous amount of hops')	,							
(	4927	,	44	,	'Beach Bum Blonde Ale', 1.99 ,	3	,	37	,	5.400000095	,	'Beach Bum Blonde Ale is a traditional American 
blonde ale with a slightly spicy hop note and balanced malty flavor.')	,							
(	4941	,	44	,	'Budweiser American Ale', 1.99 ,	3	,	33	,	5.099999905	,	'Budweiser American Ale is brewed with barley from America''s heartland and dry hopped with Cascade hops from the Pacific Northwest.

Available Fall 2008.')	,							
(	4995	,	10	,	'Abita Purple Haze', 7 ,	11	,	116	,	4.75	,	'Purple Haze is a crisp, American style wheat beer with raspberry puree added after filtration. Therefore, you may see raspberry pulp in the beer. The raspberries provide the lager with a subtle purple coloration and haze, a fruity aroma, and a tartly sweet taste.')	,							
(	5001	,	44	,	'Jack''s Pumpkin Spice Ale', 7 ,	11	,	123	,	5.5	,	'Our fall seasonal is a subtle, well-balanced ale, copper in color, offering rich, full flavors and aromas of pumpkin and spices.')	,							
(	5002	,	44	,	'Sun Dog Amber Wheat', 7 ,	11	,	116	,	5.300000191	,	'Sun Dog is an unfiltered beer, with a naturally cloudy appearance and fuller texture which allows it to stand up to spicy foods like Thai noodle salads and Cuban sandwiches.  The beer is best served in a tall, wide-mouthed glass which opens up the aromas of the beer and showcases its beautiful long-lasting head of white foam.')	,							
(	5131	,	44	,	'Michelob Dunkel Weisse', 1.99 ,	3	,	29	,	5.5	,	'Dunkel Weisse fills a glass like few beers can. The pour releases banana and clove aromas. Roasted malt flavor is complemented by caramel and chocolate undertones. Then a crisp finish refreshes the palate. Undeniable proof that brewing is truly an art.')	,							
(	5173	,	39	,	'Liberty Ale', 1.99 ,	3	,	26	,	6	,	'San Francisco''s famouse Liberty Ale was first brewed on the 18th of April, 1975 to celebrate the 200th anniversary of Paul Revere''s historic ride. It is virtually handmade by the brewers of Anchor Steam Beer in one of the smallest and most traditional breweries in the world. Liberty Ale is made with the finest barley malt, fresh, whole hops, top fermenting yeast, pure water and the simple natural methods which reflect our exceptional respect for the ancient art of brewing. It is dry hopped, a classic ale tradition, and slowly completes its fermentation in sealed vats in our cellars. This unique process creates Liberty Ale''s distinctive bouquet and uncommonly delicate, entirely natural carbonation.')	,							
(	5224	,	44	,	'Michelob Hop Hound Amber Wheat', 7 ,	11	,	116	,	5.300000191	,	'Unfiltered American amber wheat ale brewed with a blend of imported and domestic hops for a balanced slightly citrus hop aroma and caramel malty taste.')	,							
(	5432	,	10	,	'Restoration Pale Ale', 1.99 ,	3	,	26	,	5	,	'Abita Restoration Pale Ale was created after the back-to-back hurricanes devastated Louisiana. With your help, the abita Brewing Company raised over $500,000 for hurricane relief. This brilliant, golden pale ale has a rich body, mild bitterness and a snappy, fresh citrus hop flavor and aroma. Cold filtered and brewed in small batches using no additives or preservatives, the Abita Company is proud to be Louisiana True.')	,							
(	5495	,	47	,	'Big Dick''s Olde Ale', 1.55 ,	1	,	13	,	8.199999809	,	'Somewhat of a cousin to Barleywine, Big Dick''s is a classic English-style Olde Ale.  Sweet and full-bodied malt flavors are complemented by a fragrant but mild hop bitterness.  Sweet, bready malt aromas combine with rich flavors of dark fruit, brown sugar, caramel, and sweet nuts. A beer for keeping, Big Dick''s Olde Ale will age gracefully, while fruity flavors continue to develop and bitterness will subside.

This is not only a BIG beer, it is a Well-Endowed Ale!  We took a traditional English-style Ale and made it our own.  Delightful on its own or as a digestif with a full-bodied cigar, Big Dick''s is also big enough to stand up to many boldly-flavored foods.')	,							
(	5565	,	10	,	'Satsuma Harvest Wit', 5.35 ,	5	,	67	,	5.099999905	,	'Real Louisiana Satsumas, golden wheat, oats and the finest barley create Abita Satsuma Harvest Wit. Pale and cloudy, like the haze on a hot summer day, this white beer has a sweet and subtle citrus flavor with a touch of spice that is cool and refreshing. 

Abita Satsuma Harvest Wit is very versatile and can compliment a number of dishes. This brew pairs well with salads, fish, shrimp and lobster, as long as the dishes are not too spicy. Thai dishes, which often have citric notes in their flavor profile, would also perfectly compliment the orange flavors in Abita Satsuma Harvest Wit.')	,							
(	5626	,	17	,	'Alaskan White Ale', 5.35 ,	5	,	67	,	5.300000191	,	'Alaskan White Ale has a soft, slightly sweet base with the unique spice aroma of coriander and crisp, citrus finish of orange peel. A light and effervescent body combined with the smooth palate creates a complex and delicate beer that is deliciously refreshing in any season.')	,							
(	5627	,	10	,	'Andygator', 2.99 ,	7	,	92	,	8	,	'The Andygator is a fearsome beast...much too big for any little bottle. Dont let his toothy grin, slightly sweet flavor and subtle fruit aroma fool you: this cold-blooded creature is a Helles Doppelbock that can sneak up on you. Sip, do not gulp and taste the wild of Abita Andygator')	,							
(	5676	,	44	,	'Michelob Winter''s Bourbon Cask Ale', 7 ,	11	,	141	,	6	,	'During even the coldest of weather, warm up to the smooth, robust taste of our Winter''s Bourbon Cask Ale. Full of rich aromas that you find in the winter months, hints of vanilla and flavorful hops, this is a beer that is great for pouring into a large tulip glass and enjoying with friends around a fireplace.')	,							
(	5735	,	1	,	'(512) Wit', 5.35 ,	5	,	67	,	5.199999809	,	'Made in the style of the Belgian wheat beers that are so refreshing, (512) Wit is a hazy ale spiced with coriander and domestic grapefruit peel. 50% US Organic 2-row malted barley and 50% US unmalted wheat and oats make this a light, crisp ale well suited for any occasion.')	,							
(	5736	,	1	,	'(512) Pale', 1.99 ,	3	,	26	,	5.800000191	,	'With Organic 2-row malted barley, (512) Pale is a copper colored American Pale Ale that balances earthy hop bitterness and hop flavor with a rich malty body.')	,							
(	5737	,	1	,	'(512) IPA', 1.99 ,	3	,	31	,	7	,	'(512) India Pale Ale is a big, aggressively dry-hopped American IPA with smooth bitterness (~65 IBU) balanced by medium maltiness. Organic 2-row malted barley, loads of hops, and great Austin water create an ale with apricot and vanilla aromatics that lure you in for more.')	,							
(	5738	,	1	,	'(512) Pecan Porter', 2.55 ,	2	,	25	,	6.800000191	,	'Nearly black in color, (512) Pecan Porter is made with Organic US 2-row and Crystal malts along with Baird''s Chocolate and Black malts. Its full body and malty sweetness are balanced with subtle pecan aroma and flavor from locally grown pecans. Yet another true Austin original!')	,							
(	5739	,	1	,	'(512) ALT', 4.31 ,	4	,	57	,	6	,	'(512) ALT is a German-style amber ale that is fermented cooler than typical ales and cold conditioned like a lager. ALT means old in German and refers to a beer style made using ale yeast after many German brewers had switched to newly discovered lager yeast. This ale has a very smooth, yet pronounced, hop bitterness with a malty backbone and a characteristic German yeast character. Made with 98% Organic 2-row and Munch malts and US noble hops.')	,							
(	5740	,	1	,	'(512) Bruin', 1.99 ,	3	,	38	,	7.599999905	,	'At once cuddly and ferocious, (512) BRUIN combines a smooth, rich maltiness and mahogany color with a solid hop backbone and stealthy 7.6% alcohol. Made with Organic 2 Row and Munich malts, plus Chocolate and Crystal malts, domestic hops, and a touch of molasses, this brew has notes of raisins, dark sugars, and cocoa, and pairs perfectly with food and the crisp fall air.')	,							
(	5741	,	1	,	'(512) Whiskey Barrel Aged Double Pecan Porter', 2.55 ,	2	,	25	,	8.199999809	,	'Our first barrel project is in kegs and on it''s way to beer bars around Austin. This is a bigger, bolder version of our mainstay Pecan Porter, with a richer finish. Two months on recently emptied Jack Daniels select barrels imparted a wonderful vanilla character from the oak and a pleasant amount of whiskey nose and flavor. All in all, I am really proud of the hard work and effort put into this beer. Our first attempt at brewing it and our first attempt at managing barrels has paid off for everyone! Seek out this beer, but dont put it off. There is a very limited number of kegs available and it might go fast')	,							
(	5804	,	29	,	'Duet', 1.99 ,	3	,	31	,	7	,	'A West Coast IPA. Our original single IPA made with Simcoe and Amarillo hops in harmony. 1.065 OG 45 IBU 7%ABV')	,							
(	5805	,	29	,	'Nelson', 1.99 ,	3	,	31	,	7	,	'A Golden Rye IPA.
An outstanding hop from New Zealand, Nelson Sauvin, is generously used throughout the brewing and dry-hopping of this unique beer. European rye is added for a smooth, malty addition to flavor. 1.065 OG 7%ABV')	,							
(	5843	,	1	,	'One', 5.35 ,	5	,	65	,	8	,	'Our first anniversary release is a Belgian-style strong ale that is amber in color, with a light to medium body. Subtle malt sweetness is balanced with noticeable hop flavor, light raisin and mildly spicy, cake-like flavors, and is finished with local wildflower honey aromas. Made with 80% Organic Malted Barley, Belgian Specialty grains, Forbidden Fruit yeast, domestic hops and Round Rock local wildflower honey, this beer is deceptively high in alcohol.')	,							
(	5856	,	10	,	'Christmas Ale', 1.99 ,	3	,	38	,	5.5	,	'Abita Christmas Ale is an American style Brown Ale. It is hopped with Willamette, Cascade, and Columbus hops and has a good hop flavor and aroma.')	;							


-- Order data
INSERT  INTO orders(customerID) VALUES 
(	52	)	,
(	34	)	,
(	88	)	,
(	46	)	,
(	50	)	,
(	98	)	,
(	71	)	,
(	89	)	,
(	1	)	,
(	18	)	,
(	18	)	,
(	97	)	,
(	100	)	,
(	85	)	,
(	15	)	,
(	37	)	,
(	96	)	,
(	74	)	,
(	76	)	,
(	36	)	,
(	39	)	,
(	84	)	,
(	52	)	,
(	77	)	,
(	64	)	,
(	75	)	,
(	62	)	,
(	36	)	,
(	21	)	,
(	94	)	,
(	88	)	,
(	48	)	,
(	78	)	,
(	53	)	,
(	32	)	,
(	78	)	,
(	36	)	,
(	1	)	,
(	92	)	,
(	65	)	,
(	31	)	,
(	33	)	,
(	39	)	,
(	59	)	,
(	81	)	,
(	14	)	,
(	63	)	,
(	40	)	,
(	43	)	,
(	79	)	,
(	25	)	,
(	94	)	,
(	18	)	,
(	2	)	,
(	37	)	,
(	68	)	,
(	65	)	,
(	13	)	,
(	87	)	,
(	31	)	,
(	26	)	,
(	16	)	,
(	33	)	,
(	88	)	,
(	38	)	,
(	4	)	,
(	22	)	,
(	59	)	,
(	2	)	,
(	39	)	,
(	28	)	,
(	36	)	,
(	22	)	,
(	43	)	,
(	50	)	,
(	82	)	,
(	18	)	,
(	6	)	,
(	93	)	,
(	20	)	,
(	55	)	,
(	95	)	,
(	95	)	,
(	34	)	,
(	92	)	,
(	54	)	,
(	24	)	,
(	73	)	,
(	87	)	,
(	80	)	,
(	32	)	,
(	49	)	,
(	42	)	,
(	38	)	,
(	34	)	,
(	19	)	,
(	90	)	,
(	78	)	,
(	77	)	,
(	15	)	,
(	78	)	,
(	97	)	,
(	43	)	,
(	29	)	,
(	29	)	,
(	27	)	,
(	23	)	,
(	19	)	,
(	78	)	,
(	71	)	,
(	25	)	,
(	95	)	,
(	4	)	,
(	95	)	,
(	7	)	,
(	1	)	,
(	30	)	,
(	26	)	,
(	25	)	,
(	27	)	,
(	43	)	,
(	4	)	,
(	44	)	,
(	32	)	,
(	74	)	,
(	59	)	,
(	81	)	,
(	8	)	,
(	90	)	,
(	48	)	,
(	91	)	,
(	87	)	,
(	10	)	,
(	12	)	,
(	40	)	,
(	88	)	,
(	62	)	,
(	97	)	,
(	100	)	,
(	94	)	,
(	80	)	,
(	63	)	,
(	96	)	,
(	42	)	,
(	44	)	,
(	61	)	,
(	59	)	,
(	24	)	,
(	60	)	,
(	34	)	,
(	75	)	,
(	81	)	,
(	20	)	,
(	11	)	,
(	65	)	,
(	22	)	,
(	95	)	,
(	82	)	,
(	65	)	,
(	29	)	,
(	100	)	,
(	48	)	,
(	12	)	,
(	62	)	,
(	43	)	,
(	64	)	,
(	42	)	,
(	47	)	,
(	23	)	,
(	18	)	,
(	99	)	,
(	49	)	,
(	21	)	,
(	67	)	,
(	19	)	,
(	94	)	,
(	42	)	,
(	45	)	,
(	97	)	,
(	61	)	,
(	62	)	,
(	26	)	,
(	13	)	,
(	30	)	,
(	69	)	,
(	48	)	,
(	22	)	,
(	7	)	,
(	38	)	,
(	26	)	,
(	35	)	,
(	53	)	,
(	85	)	,
(	10	)	,
(	19	)	,
(	81	)	,
(	92	)	,
(	73	)	,
(	95	)	,
(	19	)	,
(	89	)	,
(	35	)	,
(	66	)	,
(	54	)	,
(	82	)	,
(	41	)	,
(	93	)	,
(	14	)	,
(	63	)	,
(	36	)	,
(	99	)	,
(	81	)	,
(	59	)	,
(	54	)	,
(	91	)	,
(	38	)	,
(	48	)	,
(	63	)	,
(	53	)	,
(	1	)	,
(	58	)	,
(	27	)	,
(	83	)	,
(	71	)	,
(	32	)	,
(	96	)	,
(	18	)	,
(	58	)	,
(	38	)	,
(	80	)	,
(	19	)	,
(	79	)	,
(	28	)	,
(	67	)	,
(	32	)	,
(	20	)	,
(	61	)	,
(	48	)	,
(	60	)	,
(	10	)	,
(	9	)	,
(	32	)	,
(	93	)	,
(	16	)	,
(	3	)	,
(	95	)	,
(	63	)	,
(	75	)	,
(	62	)	,
(	28	)	,
(	43	)	,
(	82	)	,
(	65	)	,
(	66	)	,
(	4	)	,
(	57	)	,
(	77	)	,
(	92	)	,
(	100	)	,
(	33	)	,
(	25	)	,
(	8	)	,
(	19	)	,
(	46	)	,
(	11	)	,
(	48	)	,
(	4	)	,
(	83	)	,
(	6	)	,
(	99	)	,
(	18	)	,
(	81	)	,
(	31	)	,
(	92	)	,
(	92	)	,
(	21	)	,
(	75	)	,
(	30	)	,
(	61	)	,
(	43	)	,
(	63	)	,
(	2	)	,
(	100	)	,
(	21	)	,
(	99	)	,
(	83	)	,
(	88	)	,
(	85	)	,
(	27	)	,
(	43	)	,
(	2	)	,
(	26	)	,
(	56	)	,
(	88	)	,
(	3	)	,
(	19	)	,
(	83	)	,
(	26	)	,
(	8	)	,
(	43	)	,
(	30	)	,
(	19	)	,
(	1	)	,
(	68	)	,
(	11	)	,
(	88	)	,
(	73	)	,
(	98	)	,
(	87	)	,
(	18	)	,
(	92	)	,
(	26	)	,
(	50	)	,
(	30	)	,
(	45	)	,
(	97	)	,
(	57	)	,
(	46	)	,
(	49	)	,
(	61	)	,
(	24	)	,
(	34	)	,
(	29	)	,
(	25	)	,
(	53	)	,
(	39	)	,
(	41	)	,
(	66	)	,
(	89	)	,
(	19	)	,
(	39	)	,
(	39	)	,
(	61	)	,
(	42	)	,
(	99	)	,
(	76	)	,
(	83	)	,
(	73	)	,
(	12	)	,
(	39	)	,
(	12	)	,
(	97	)	,
(	69	)	,
(	95	)	,
(	87	)	,
(	11	)	,
(	92	)	,
(	43	)	,
(	17	)	,
(	94	)	,
(	14	)	,
(	78	)	,
(	21	)	,
(	77	)	,
(	20	)	,
(	85	)	,
(	25	)	,
(	58	)	,
(	3	)	,
(	23	)	,
(	51	)	,
(	12	)	,
(	23	)	,
(	71	)	,
(	32	)	,
(	68	)	,
(	80	)	,
(	6	)	,
(	23	)	,
(	87	)	,
(	10	)	,
(	41	)	,
(	86	)	,
(	55	)	,
(	91	)	,
(	29	)	,
(	7	)	,
(	20	)	,
(	8	)	,
(	93	)	,
(	24	)	,
(	81	)	,
(	13	)	,
(	43	)	,
(	10	)	,
(	59	)	,
(	67	)	,
(	88	)	,
(	7	)	,
(	62	)	,
(	23	)	,
(	14	)	,
(	25	)	,
(	12	)	,
(	96	)	,
(	24	)	,
(	12	)	,
(	47	)	,
(	62	)	,
(	52	)	,
(	37	)	,
(	52	)	,
(	28	)	,
(	8	)	,
(	68	)	,
(	12	)	,
(	55	)	,
(	50	)	,
(	89	)	,
(	14	)	,
(	68	)	,
(	52	)	,
(	19	)	,
(	61	)	,
(	61	)	,
(	75	)	,
(	24	)	,
(	35	)	,
(	4	)	,
(	92	)	,
(	83	)	,
(	3	)	,
(	92	)	,
(	35	)	,
(	7	)	,
(	92	)	,
(	47	)	,
(	67	)	,
(	75	)	,
(	77	)	,
(	34	)	,
(	4	)	,
(	48	)	,
(	35	)	,
(	27	)	,
(	90	)	,
(	10	)	,
(	63	)	,
(	95	)	,
(	98	)	,
(	47	)	,
(	50	)	,
(	55	)	,
(	75	)	,
(	65	)	,
(	17	)	,
(	64	)	,
(	36	)	,
(	90	)	,
(	2	)	,
(	90	)	,
(	92	)	,
(	29	)	,
(	58	)	,
(	62	)	,
(	52	)	,
(	76	)	,
(	6	)	,
(	32	)	,
(	93	)	,
(	34	)	,
(	82	)	,
(	59	)	,
(	97	)	,
(	18	)	,
(	58	)	,
(	92	)	,
(	68	)	,
(	15	)	,
(	44	)	,
(	13	)	,
(	52	)	,
(	42	)	,
(	100	)	,
(	63	)	,
(	15	)	,
(	24	)	,
(	27	)	,
(	92	)	,
(	77	)	,
(	88	)	,
(	5	)	,
(	95	)	,
(	42	)	,
(	83	)	,
(	67	)	,
(	19	)	,
(	90	)	,
(	71	)	,
(	91	)	,
(	18	)	,
(	7	)	,
(	1	)	,
(	56	)	,
(	86	)	,
(	18	)	,
(	21	)	,
(	9	)	,
(	26	)	,
(	40	)	,
(	40	)	,
(	89	)	,
(	22	)	,
(	15	)	,
(	58	)	,
(	26	)	,
(	92	)	,
(	48	)	,
(	57	)	,
(	38	)	,
(	22	)	,
(	23	)	,
(	66	)	,
(	75	)	,
(	81	)	,
(	67	)	,
(	74	)	,
(	43	)	,
(	38	)	;

-- Order details data
INSERT  INTO OrderDetails(orderID,beerID,quantityOrdered) values 
(	432	,	923	,	6	)	,
(	305	,	1256	,	3	)	,
(	256	,	3784	,	15	)	,
(	442	,	3785	,	10	)	,
(	424	,	3788	,	2	)	,
(	120	,	3789	,	11	)	,
(	443	,	3790	,	2	)	,
(	69	,	3791	,	9	)	,
(	175	,	3792	,	6	)	,
(	486	,	3793	,	11	)	,
(	373	,	3794	,	2	)	,
(	77	,	3795	,	12	)	,
(	179	,	3796	,	13	)	,
(	11	,	3797	,	6	)	,
(	170	,	3798	,	8	)	,
(	365	,	3799	,	8	)	,
(	94	,	3800	,	8	)	,
(	222	,	3801	,	4	)	,
(	325	,	3803	,	4	)	,
(	492	,	3804	,	4	)	,
(	112	,	3805	,	14	)	,
(	204	,	3806	,	14	)	,
(	232	,	3976	,	14	)	,
(	111	,	3977	,	10	)	,
(	66	,	3978	,	12	)	,
(	495	,	3979	,	10	)	,
(	312	,	3980	,	8	)	,
(	434	,	3981	,	8	)	,
(	146	,	3982	,	1	)	,
(	440	,	3983	,	8	)	,
(	231	,	3984	,	13	)	,
(	296	,	3985	,	13	)	,
(	324	,	3986	,	5	)	,
(	294	,	3987	,	9	)	,
(	362	,	3988	,	12	)	,
(	415	,	4079	,	2	)	,
(	52	,	4080	,	8	)	,
(	55	,	4081	,	6	)	,
(	110	,	4082	,	15	)	,
(	222	,	4083	,	9	)	,
(	130	,	4084	,	10	)	,
(	373	,	4085	,	5	)	,
(	341	,	4087	,	12	)	,
(	32	,	4105	,	8	)	,
(	516	,	4106	,	8	)	,
(	478	,	4107	,	6	)	,
(	359	,	4108	,	1	)	,
(	238	,	4109	,	12	)	,
(	168	,	4110	,	9	)	,
(	16	,	4111	,	10	)	,
(	122	,	4112	,	12	)	,
(	173	,	4282	,	11	)	,
(	373	,	4347	,	2	)	,
(	95	,	4377	,	13	)	,
(	111	,	4379	,	3	)	,
(	145	,	4383	,	3	)	,
(	490	,	4384	,	9	)	,
(	242	,	4385	,	14	)	,
(	416	,	4386	,	6	)	,
(	101	,	4387	,	11	)	,
(	131	,	4390	,	9	)	,
(	97	,	4428	,	7	)	,
(	168	,	4474	,	2	)	,
(	301	,	4482	,	7	)	,
(	23	,	4508	,	13	)	,
(	35	,	4538	,	10	)	,
(	140	,	4548	,	4	)	,
(	331	,	4549	,	14	)	,
(	197	,	4550	,	3	)	,
(	392	,	4551	,	8	)	,
(	316	,	4552	,	9	)	,
(	443	,	4553	,	13	)	,
(	340	,	4554	,	10	)	,
(	1	,	4555	,	14	)	,
(	235	,	4556	,	15	)	,
(	327	,	4557	,	4	)	,
(	100	,	4558	,	11	)	,
(	171	,	4559	,	3	)	,
(	53	,	4560	,	2	)	,
(	470	,	4561	,	15	)	,
(	290	,	4562	,	12	)	,
(	389	,	4563	,	1	)	,
(	80	,	4564	,	12	)	,
(	475	,	4565	,	12	)	,
(	340	,	4927	,	6	)	,
(	446	,	4941	,	8	)	,
(	374	,	4995	,	3	)	,
(	304	,	5001	,	3	)	,
(	132	,	5002	,	12	)	,
(	1	,	5131	,	5	)	,
(	196	,	5173	,	9	)	,
(	295	,	5224	,	13	)	,
(	126	,	5432	,	14	)	,
(	444	,	5495	,	3	)	,
(	415	,	5565	,	4	)	,
(	186	,	5626	,	15	)	,
(	214	,	5627	,	6	)	,
(	320	,	5676	,	2	)	,
(	13	,	5735	,	11	)	,
(	437	,	5736	,	7	)	,
(	480	,	5737	,	4	)	,
(	79	,	5738	,	4	)	,
(	104	,	5739	,	8	)	,
(	247	,	5740	,	10	)	,
(	500	,	5741	,	6	)	,
(	329	,	5804	,	6	)	,
(	168	,	5805	,	2	)	,
(	287	,	5843	,	13	)	,
(	181	,	5856	,	11	)	,
(	472	,	923	,	3	)	,
(	45	,	1256	,	9	)	,
(	85	,	3784	,	7	)	,
(	311	,	3785	,	3	)	,
(	58	,	3788	,	12	)	,
(	249	,	3789	,	13	)	,
(	408	,	3790	,	12	)	,
(	187	,	3791	,	8	)	,
(	38	,	3792	,	14	)	,
(	314	,	3793	,	12	)	,
(	443	,	3794	,	3	)	,
(	289	,	3795	,	5	)	,
(	78	,	3796	,	2	)	,
(	312	,	3797	,	13	)	,
(	511	,	3798	,	12	)	,
(	461	,	3799	,	13	)	,
(	202	,	3800	,	7	)	,
(	203	,	3801	,	13	)	,
(	101	,	3803	,	12	)	,
(	138	,	3804	,	15	)	,
(	436	,	3805	,	1	)	,
(	235	,	3806	,	1	)	,
(	151	,	3976	,	2	)	,
(	24	,	3977	,	9	)	,
(	40	,	3978	,	4	)	,
(	375	,	3979	,	6	)	,
(	317	,	3980	,	9	)	,
(	382	,	3981	,	1	)	,
(	144	,	3982	,	15	)	,
(	275	,	3983	,	2	)	,
(	85	,	3984	,	12	)	,
(	141	,	3985	,	11	)	,
(	357	,	3986	,	8	)	,
(	90	,	3987	,	5	)	,
(	208	,	3988	,	5	)	,
(	436	,	4079	,	15	)	,
(	178	,	4080	,	1	)	,
(	104	,	4081	,	2	)	,
(	475	,	4082	,	6	)	,
(	103	,	4083	,	6	)	,
(	83	,	4084	,	14	)	,
(	465	,	4085	,	3	)	,
(	213	,	4087	,	2	)	,
(	234	,	4105	,	3	)	,
(	23	,	4106	,	6	)	,
(	163	,	4107	,	7	)	,
(	303	,	4108	,	11	)	,
(	235	,	4109	,	2	)	,
(	511	,	4110	,	9	)	,
(	481	,	4111	,	3	)	,
(	145	,	4112	,	1	)	,
(	291	,	4282	,	11	)	,
(	67	,	4347	,	1	)	,
(	192	,	4377	,	8	)	,
(	333	,	4379	,	1	)	,
(	42	,	4383	,	6	)	,
(	449	,	4384	,	3	)	,
(	104	,	4385	,	5	)	,
(	132	,	4386	,	2	)	,
(	478	,	4387	,	5	)	,
(	297	,	4390	,	6	)	,
(	268	,	4428	,	6	)	,
(	60	,	4474	,	10	)	,
(	311	,	4482	,	9	)	,
(	435	,	4508	,	12	)	,
(	175	,	4538	,	4	)	,
(	489	,	4548	,	9	)	,
(	493	,	4549	,	2	)	,
(	167	,	4550	,	11	)	,
(	368	,	4551	,	2	)	,
(	124	,	4552	,	11	)	,
(	234	,	4553	,	1	)	,
(	281	,	4554	,	7	)	,
(	284	,	4555	,	11	)	,
(	39	,	4556	,	4	)	,
(	369	,	4557	,	14	)	,
(	20	,	4558	,	1	)	,
(	373	,	4559	,	7	)	,
(	410	,	4560	,	11	)	,
(	265	,	4561	,	1	)	,
(	476	,	4562	,	11	)	,
(	62	,	4563	,	8	)	,
(	515	,	4564	,	6	)	,
(	278	,	4565	,	9	)	,
(	296	,	4927	,	6	)	,
(	333	,	4941	,	14	)	,
(	302	,	4995	,	8	)	,
(	97	,	5001	,	5	)	,
(	209	,	5002	,	3	)	,
(	26	,	5131	,	7	)	,
(	452	,	5173	,	13	)	,
(	219	,	5224	,	12	)	,
(	343	,	5432	,	2	)	,
(	269	,	5495	,	9	)	,
(	45	,	5565	,	10	)	,
(	116	,	5626	,	5	)	,
(	421	,	5627	,	5	)	,
(	167	,	5676	,	13	)	,
(	412	,	5735	,	13	)	,
(	340	,	5736	,	11	)	,
(	23	,	5737	,	2	)	,
(	119	,	5738	,	2	)	,
(	446	,	5739	,	4	)	,
(	272	,	5740	,	2	)	,
(	309	,	5741	,	8	)	,
(	91	,	5804	,	15	)	,
(	257	,	5805	,	10	)	,
(	500	,	5843	,	7	)	,
(	166	,	5856	,	9	)	,
(	486	,	923	,	11	)	,
(	284	,	1256	,	1	)	,
(	145	,	3784	,	11	)	,
(	346	,	3785	,	10	)	,
(	236	,	3788	,	12	)	,
(	145	,	3789	,	11	)	,
(	6	,	3790	,	12	)	,
(	256	,	3791	,	8	)	,
(	466	,	3792	,	5	)	,
(	32	,	3793	,	7	)	,
(	377	,	3794	,	8	)	,
(	180	,	3795	,	7	)	,
(	279	,	3796	,	5	)	,
(	90	,	3797	,	9	)	,
(	69	,	3798	,	13	)	,
(	162	,	3799	,	15	)	,
(	181	,	3800	,	1	)	,
(	230	,	3801	,	11	)	,
(	132	,	3803	,	15	)	,
(	336	,	3804	,	12	)	,
(	159	,	3805	,	11	)	,
(	16	,	3806	,	8	)	,
(	318	,	3976	,	5	)	,
(	104	,	3977	,	12	)	,
(	264	,	3978	,	3	)	,
(	434	,	3979	,	12	)	,
(	81	,	3980	,	6	)	,
(	1	,	3981	,	9	)	,
(	31	,	3982	,	14	)	,
(	329	,	3983	,	15	)	,
(	452	,	3984	,	14	)	,
(	516	,	3985	,	1	)	,
(	346	,	3986	,	3	)	,
(	280	,	3987	,	3	)	,
(	233	,	3988	,	3	)	,
(	59	,	4079	,	13	)	,
(	419	,	4080	,	10	)	,
(	292	,	4081	,	12	)	,
(	396	,	4082	,	10	)	,
(	99	,	4083	,	15	)	,
(	214	,	4084	,	13	)	,
(	400	,	4085	,	11	)	,
(	48	,	4087	,	1	)	,
(	358	,	4105	,	9	)	,
(	431	,	4106	,	12	)	,
(	391	,	4107	,	14	)	,
(	282	,	4108	,	4	)	,
(	407	,	4109	,	8	)	,
(	334	,	4110	,	8	)	,
(	36	,	4111	,	1	)	,
(	34	,	4112	,	6	)	,
(	35	,	4282	,	12	)	,
(	140	,	4347	,	11	)	,
(	280	,	4377	,	5	)	,
(	54	,	4379	,	13	)	,
(	351	,	4383	,	6	)	,
(	245	,	4384	,	13	)	,
(	236	,	4385	,	13	)	,
(	66	,	4386	,	12	)	,
(	383	,	4387	,	9	)	,
(	454	,	4390	,	5	)	,
(	230	,	4428	,	8	)	,
(	252	,	4474	,	3	)	,
(	241	,	4482	,	3	)	,
(	272	,	4508	,	3	)	,
(	229	,	4538	,	1	)	,
(	501	,	4548	,	10	)	,
(	366	,	4549	,	8	)	,
(	219	,	4550	,	8	)	,
(	306	,	4551	,	10	)	,
(	465	,	4552	,	11	)	,
(	243	,	4553	,	5	)	,
(	32	,	4554	,	1	)	,
(	143	,	4555	,	9	)	,
(	244	,	4556	,	3	)	,
(	337	,	4557	,	5	)	,
(	498	,	4558	,	5	)	,
(	363	,	4559	,	14	)	,
(	184	,	4560	,	12	)	,
(	127	,	4561	,	2	)	,
(	495	,	4562	,	14	)	,
(	390	,	4563	,	12	)	,
(	108	,	4564	,	13	)	,
(	87	,	4565	,	9	)	,
(	412	,	4927	,	6	)	,
(	494	,	4941	,	1	)	,
(	14	,	4995	,	5	)	,
(	67	,	5001	,	5	)	,
(	396	,	5002	,	13	)	,
(	156	,	5131	,	13	)	,
(	154	,	5173	,	1	)	,
(	271	,	5224	,	12	)	,
(	266	,	5432	,	7	)	,
(	341	,	5495	,	14	)	,
(	249	,	5565	,	3	)	,
(	74	,	5626	,	5	)	,
(	78	,	5627	,	10	)	,
(	450	,	5676	,	12	)	,
(	214	,	5735	,	14	)	,
(	465	,	5736	,	11	)	,
(	209	,	5737	,	4	)	,
(	251	,	5738	,	4	)	,
(	360	,	5739	,	2	)	,
(	174	,	5740	,	3	)	,
(	333	,	5741	,	3	)	,
(	412	,	5804	,	12	)	,
(	435	,	5805	,	12	)	,
(	171	,	5843	,	6	)	,
(	294	,	5856	,	2	)	,
(	32	,	923	,	12	)	,
(	314	,	1256	,	2	)	,
(	129	,	3784	,	4	)	,
(	240	,	3785	,	13	)	,
(	174	,	3788	,	4	)	,
(	353	,	3789	,	2	)	,
(	8	,	3790	,	11	)	,
(	403	,	3791	,	10	)	,
(	352	,	3792	,	14	)	,
(	39	,	3793	,	8	)	,
(	94	,	3794	,	7	)	,
(	2	,	3795	,	6	)	,
(	343	,	3796	,	11	)	,
(	77	,	3797	,	6	)	,
(	9	,	3798	,	2	)	,
(	430	,	3799	,	4	)	,
(	79	,	3800	,	1	)	,
(	252	,	3801	,	2	)	,
(	277	,	3803	,	13	)	,
(	343	,	3804	,	6	)	,
(	25	,	3805	,	9	)	,
(	155	,	3806	,	10	)	,
(	330	,	3976	,	6	)	,
(	305	,	3977	,	7	)	,
(	196	,	3978	,	13	)	,
(	250	,	3979	,	15	)	,
(	454	,	3980	,	15	)	,
(	304	,	3981	,	2	)	,
(	232	,	3982	,	12	)	,
(	117	,	3983	,	12	)	,
(	101	,	3984	,	9	)	,
(	269	,	3985	,	15	)	,
(	252	,	3986	,	4	)	,
(	395	,	3987	,	6	)	,
(	81	,	3988	,	3	)	,
(	444	,	4079	,	14	)	,
(	291	,	4080	,	4	)	,
(	327	,	4081	,	9	)	,
(	230	,	4082	,	4	)	,
(	317	,	4083	,	5	)	,
(	181	,	4084	,	7	)	,
(	504	,	4085	,	1	)	,
(	94	,	4087	,	3	)	,
(	316	,	4105	,	8	)	,
(	207	,	4106	,	4	)	,
(	209	,	4107	,	3	)	,
(	405	,	4108	,	8	)	,
(	267	,	4109	,	14	)	,
(	232	,	4110	,	10	)	,
(	304	,	4111	,	3	)	,
(	415	,	4112	,	6	)	,
(	273	,	4282	,	9	)	,
(	273	,	4347	,	1	)	,
(	144	,	4377	,	14	)	,
(	27	,	4379	,	9	)	,
(	364	,	4383	,	15	)	,
(	486	,	4384	,	8	)	,
(	77	,	4385	,	13	)	,
(	327	,	4386	,	14	)	,
(	514	,	4387	,	9	)	,
(	258	,	4390	,	3	)	,
(	458	,	4428	,	15	)	,
(	2	,	4474	,	13	)	,
(	145	,	4482	,	3	)	,
(	319	,	4508	,	10	)	,
(	104	,	4538	,	13	)	,
(	461	,	4548	,	14	)	,
(	298	,	4549	,	8	)	,
(	464	,	4550	,	15	)	,
(	71	,	4551	,	9	)	,
(	199	,	4552	,	7	)	,
(	347	,	4553	,	15	)	,
(	352	,	4554	,	7	)	,
(	113	,	4555	,	14	)	,
(	381	,	4556	,	5	)	,
(	437	,	4557	,	14	)	,
(	380	,	4558	,	2	)	,
(	430	,	4559	,	9	)	,
(	2	,	4560	,	15	)	,
(	328	,	4561	,	3	)	,
(	498	,	4562	,	10	)	,
(	203	,	4563	,	5	)	,
(	326	,	4564	,	6	)	,
(	435	,	4565	,	15	)	,
(	101	,	4927	,	8	)	,
(	153	,	4941	,	12	)	,
(	249	,	4995	,	2	)	,
(	322	,	5001	,	11	)	,
(	188	,	5002	,	8	)	,
(	492	,	5131	,	4	)	,
(	332	,	5173	,	3	)	,
(	182	,	5224	,	11	)	,
(	343	,	5432	,	3	)	,
(	496	,	5495	,	3	)	,
(	478	,	5565	,	3	)	,
(	412	,	5626	,	15	)	,
(	391	,	5627	,	6	)	,
(	39	,	5676	,	13	)	,
(	370	,	5735	,	14	)	,
(	318	,	5736	,	6	)	,
(	204	,	5737	,	5	)	,
(	149	,	5738	,	15	)	,
(	516	,	5739	,	8	)	,
(	216	,	5740	,	4	)	,
(	280	,	5741	,	4	)	,
(	56	,	5804	,	2	)	,
(	404	,	5805	,	11	)	,
(	301	,	5843	,	6	)	,
(	57	,	5856	,	9	)	,
(	191	,	923	,	10	)	,
(	69	,	1256	,	12	)	,
(	184	,	3784	,	7	)	,
(	258	,	3785	,	3	)	,
(	282	,	3788	,	12	)	,
(	265	,	3789	,	12	)	,
(	308	,	3790	,	7	)	,
(	302	,	3791	,	11	)	,
(	424	,	3792	,	3	)	,
(	484	,	3793	,	7	)	,
(	453	,	3794	,	11	)	,
(	320	,	3795	,	8	)	,
(	364	,	3796	,	5	)	,
(	400	,	3797	,	12	)	,
(	80	,	3798	,	12	)	,
(	302	,	3799	,	15	)	,
(	69	,	3800	,	9	)	,
(	392	,	3801	,	9	)	,
(	404	,	3803	,	13	)	,
(	437	,	3804	,	3	)	,
(	128	,	3805	,	6	)	,
(	100	,	3806	,	12	)	,
(	25	,	3976	,	13	)	,
(	431	,	3977	,	2	)	,
(	60	,	3978	,	13	)	,
(	9	,	3979	,	2	)	,
(	252	,	3980	,	2	)	,
(	347	,	3981	,	6	)	,
(	178	,	3982	,	7	)	,
(	79	,	3983	,	11	)	,
(	76	,	3984	,	5	)	,
(	361	,	3985	,	2	)	,
(	179	,	3986	,	6	)	,
(	428	,	3987	,	10	)	,
(	346	,	3988	,	6	)	,
(	172	,	4079	,	14	)	,
(	171	,	4080	,	2	)	,
(	510	,	4081	,	5	)	,
(	40	,	4082	,	11	)	,
(	86	,	4083	,	6	)	,
(	341	,	4084	,	5	)	,
(	77	,	4085	,	4	)	,
(	58	,	4087	,	11	)	,
(	173	,	4105	,	1	)	,
(	374	,	4106	,	13	)	,
(	445	,	4107	,	2	)	,
(	203	,	4108	,	8	)	,
(	298	,	4109	,	8	)	,
(	4	,	4110	,	15	)	,
(	301	,	4111	,	3	)	,
(	239	,	4112	,	12	)	,
(	192	,	4282	,	15	)	,
(	245	,	4347	,	1	)	,
(	144	,	4377	,	11	)	,
(	142	,	4379	,	1	)	,
(	96	,	4383	,	15	)	,
(	74	,	4384	,	7	)	,
(	313	,	4385	,	9	)	,
(	217	,	4386	,	9	)	,
(	498	,	4387	,	3	)	,
(	172	,	4390	,	6	)	,
(	62	,	4428	,	15	)	,
(	364	,	4474	,	1	)	,
(	68	,	4482	,	6	)	,
(	502	,	4508	,	14	)	,
(	1	,	4538	,	13	)	,
(	434	,	4548	,	14	)	,
(	253	,	4549	,	3	)	,
(	274	,	4550	,	15	)	,
(	90	,	4551	,	8	)	,
(	60	,	4552	,	11	)	,
(	345	,	4553	,	13	)	,
(	263	,	4554	,	4	)	,
(	180	,	4555	,	2	)	,
(	103	,	4556	,	10	)	,
(	485	,	4557	,	1	)	,
(	495	,	4558	,	7	)	,
(	401	,	4559	,	3	)	,
(	157	,	4560	,	15	)	,
(	208	,	4561	,	10	)	,
(	164	,	4562	,	13	)	,
(	107	,	4563	,	2	)	,
(	232	,	4564	,	8	)	;

-- StateTAX data
INSERT INTO StateTAX(state,TAX) VALUES
('AL',4)	,
('AK',0)	,
('AZ',5.6)	,
('AR',6.5)	,
('CA',7.25)	,
('CO',2.9)	,
('CT',6.35)	,
('DE',0)	,
('FL',6)	,
('GA',4)	,
('HI',4)	,
('ID',6)	,
('IL',6.25)	,
('IN',7)	,
('IA',6)	,
('KS',6.5)	,
('KY',6)	,
('LA',4.45)	,
('ME',5.5)	,
('MD',6)	,
('MA',6.25)	,
('MI',6)	,
('MN',6.875)	,
('MS',7)	,
('MO',4.225)	,
('MT',0)	,
('NE',5.5)	,
('NV',6.85)	,
('NH',0)	,
('NJ',6.625)	,
('NM',5.125)	,
('NY',4)	,
('NC',4.75)	,
('ND',5),
('OH',5.75)	,
('OK',4.5)	,
('OR',0	)	,
('PA',6	)	,
('RI',7	)	,
('SC',6	)	,
('SD',4.5	)	,
('TN',7	)	,
('TX',6.25	)	,
('UT',6.1)	,
('VT',6	)	,
('VA',5.3)	,
('WA',6.5)	,
('WV',6	)	,
('WI',5	)	,
('WY',4	)	;



-- Shopping cart details data
INSERT  INTO ShoppingCart(customerID) values 
(	22	)	,
(	80	)	,
(	60	)	,
(	31	)	,
(	69	)	,
(	75	)	,
(	8	)	,
(	70	)	,
(	44	)	,
(	89	)	,
(	12	)	,
(	54	)	,
(	60	)	,
(	98	)	,
(	34	)	,
(	27	)	,
(	51	)	,
(	64	)	,
(	7	)	,
(	50	)	,
(	24	)	,
(	82	)	,
(	14	)	,
(	64	)	,
(	92	)	,
(	65	)	,
(	44	)	,
(	44	)	,
(	17	)	,
(	7	)	,
(	60	)	,
(	54	)	,
(	85	)	,
(	57	)	,
(	53	)	,
(	85	)	,
(	45	)	,
(	7	)	,
(	61	)	,
(	15	)	,
(	72	)	,
(	24	)	,
(	13	)	,
(	91	)	,
(	19	)	,
(	3	)	,
(	10	)	,
(	52	)	,
(	89	)	,
(	20	)	,
(	34	)	,
(	36	)	,
(	77	)	,
(	87	)	,
(	96	)	,
(	41	)	,
(	80	)	,
(	53	)	,
(	5	)	,
(	71	)	,
(	40	)	,
(	8	)	,
(	80	)	,
(	97	)	,
(	89	)	,
(	66	)	,
(	20	)	,
(	36	)	,
(	75	)	,
(	70	)	,
(	24	)	,
(	56	)	,
(	14	)	,
(	93	)	,
(	52	)	,
(	44	)	,
(	81	)	,
(	13	)	,
(	92	)	,
(	82	)	,
(	14	)	,
(	92	)	,
(	28	)	,
(	29	)	,
(	73	)	,
(	2	)	,
(	80	)	,
(	71	)	,
(	60	)	,
(	69	)	,
(	29	)	,
(	84	)	,
(	96	)	,
(	95	)	,
(	92	)	,
(	94	)	,
(	25	)	,
(	100	)	,
(	35	)	,
(	98	)	,
(	50	)	,
(	20	)	,
(	17	)	,
(	15	)	,
(	15	)	,
(	71	)	,
(	33	)	,
(	16	)	,
(	57	)	,
(	84	)	,
(	8	)	,
(	73	)	,
(	13	)	,
(	44	)	,
(	2	)	,
(	68	)	,
(	98	)	,
(	2	)	,
(	5	)	,
(	82	)	,
(	4	)	,
(	83	)	,
(	50	)	,
(	89	)	,
(	81	)	,
(	97	)	,
(	9	)	,
(	98	)	,
(	30	)	,
(	32	)	,
(	54	)	,
(	4	)	,
(	27	)	,
(	62	)	,
(	42	)	,
(	26	)	,
(	76	)	,
(	40	)	,
(	38	)	,
(	89	)	,
(	58	)	,
(	84	)	,
(	63	)	,
(	55	)	,
(	64	)	,
(	32	)	,
(	32	)	,
(	17	)	,
(	92	)	,
(	5	)	,
(	48	)	,
(	69	)	,
(	10	)	,
(	3	)	,
(	77	)	,
(	95	)	,
(	16	)	,
(	60	)	,
(	9	)	,
(	36	)	,
(	63	)	,
(	86	)	,
(	71	)	,
(	5	)	,
(	65	)	,
(	99	)	,
(	70	)	,
(	28	)	,
(	22	)	,
(	6	)	,
(	95	)	,
(	54	)	,
(	38	)	,
(	18	)	,
(	46	)	,
(	75	)	,
(	20	)	,
(	67	)	,
(	70	)	,
(	50	)	,
(	40	)	,
(	50	)	,
(	42	)	,
(	36	)	,
(	85	)	,
(	57	)	,
(	14	)	,
(	61	)	,
(	4	)	,
(	5	)	,
(	71	)	,
(	55	)	,
(	25	)	,
(	84	)	,
(	31	)	,
(	46	)	,
(	93	)	,
(	63	)	,
(	74	)	,
(	23	)	,
(	20	)	,
(	70	)	,
(	35	)	,
(	9	)	,
(	57	)	,
(	87	)	,
(	98	)	,
(	66	)	,
(	79	)	,
(	64	)	,
(	72	)	,
(	72	)	,
(	32	)	,
(	21	)	,
(	25	)	,
(	17	)	,
(	40	)	,
(	35	)	,
(	41	)	,
(	9	)	,
(	24	)	,
(	48	)	,
(	78	)	,
(	59	)	,
(	45	)	,
(	73	)	,
(	41	)	,
(	97	)	,
(	32	)	,
(	56	)	,
(	1	)	,
(	28	)	,
(	7	)	,
(	50	)	,
(	53	)	,
(	86	)	,
(	49	)	,
(	50	)	,
(	11	)	,
(	75	)	,
(	11	)	,
(	64	)	,
(	75	)	,
(	11	)	,
(	73	)	,
(	70	)	,
(	86	)	,
(	92	)	,
(	16	)	,
(	80	)	,
(	61	)	,
(	45	)	,
(	48	)	,
(	50	)	,
(	56	)	,
(	58	)	,
(	26	)	,
(	48	)	,
(	41	)	,
(	72	)	,
(	59	)	,
(	73	)	,
(	80	)	,
(	35	)	,
(	100	)	,
(	47	)	,
(	29	)	,
(	62	)	,
(	35	)	,
(	61	)	,
(	2	)	,
(	79	)	,
(	20	)	,
(	77	)	,
(	47	)	,
(	77	)	,
(	17	)	,
(	18	)	,
(	20	)	,
(	42	)	,
(	21	)	,
(	68	)	,
(	93	)	,
(	22	)	,
(	61	)	,
(	60	)	,
(	40	)	,
(	53	)	,
(	72	)	,
(	74	)	,
(	19	)	,
(	9	)	,
(	73	)	,
(	81	)	,
(	64	)	,
(	55	)	,
(	56	)	,
(	63	)	,
(	96	)	,
(	78	)	,
(	74	)	,
(	94	)	,
(	49	)	,
(	15	)	,
(	45	)	,
(	44	)	,
(	11	)	,
(	27	)	,
(	14	)	,
(	63	)	,
(	21	)	,
(	46	)	,
(	70	)	,
(	76	)	,
(	81	)	,
(	60	)	,
(	7	)	,
(	54	)	,
(	90	)	,
(	39	)	,
(	99	)	,
(	69	)	,
(	53	)	,
(	23	)	,
(	94	)	,
(	100	)	,
(	24	)	,
(	49	)	,
(	75	)	,
(	64	)	,
(	9	)	,
(	3	)	,
(	73	)	,
(	100	)	,
(	61	)	,
(	88	)	,
(	2	)	,
(	34	)	,
(	2	)	,
(	67	)	,
(	64	)	,
(	94	)	,
(	45	)	,
(	28	)	,
(	93	)	,
(	72	)	,
(	64	)	,
(	40	)	,
(	16	)	,
(	97	)	,
(	3	)	,
(	5	)	,
(	17	)	,
(	20	)	,
(	27	)	,
(	29	)	,
(	27	)	,
(	32	)	,
(	76	)	,
(	57	)	,
(	6	)	,
(	29	)	,
(	41	)	,
(	31	)	,
(	27	)	,
(	88	)	,
(	1	)	,
(	45	)	,
(	16	)	,
(	73	)	,
(	81	)	,
(	5	)	,
(	1	)	,
(	19	)	,
(	7	)	,
(	39	)	,
(	75	)	,
(	26	)	,
(	56	)	,
(	83	)	,
(	46	)	,
(	67	)	,
(	34	)	,
(	66	)	,
(	1	)	,
(	33	)	,
(	80	)	,
(	28	)	,
(	73	)	,
(	78	)	,
(	54	)	,
(	52	)	,
(	3	)	,
(	20	)	,
(	59	)	,
(	28	)	,
(	45	)	,
(	38	)	,
(	22	)	,
(	24	)	,
(	83	)	,
(	80	)	,
(	60	)	,
(	59	)	,
(	68	)	,
(	18	)	,
(	86	)	,
(	81	)	,
(	51	)	,
(	20	)	,
(	39	)	,
(	28	)	,
(	5	)	,
(	66	)	,
(	86	)	,
(	37	)	,
(	14	)	,
(	45	)	,
(	20	)	,
(	81	)	,
(	86	)	,
(	36	)	,
(	90	)	,
(	50	)	,
(	86	)	,
(	11	)	,
(	84	)	,
(	56	)	,
(	23	)	,
(	22	)	,
(	84	)	,
(	46	)	,
(	74	)	,
(	64	)	,
(	78	)	,
(	66	)	,
(	15	)	,
(	70	)	,
(	51	)	,
(	61	)	,
(	32	)	,
(	14	)	,
(	42	)	,
(	80	)	,
(	72	)	,
(	49	)	,
(	60	)	,
(	40	)	,
(	66	)	,
(	88	)	,
(	1	)	,
(	36	)	,
(	51	)	,
(	38	)	,
(	22	)	,
(	73	)	,
(	64	)	,
(	96	)	,
(	16	)	,
(	1	)	,
(	2	)	,
(	47	)	,
(	27	)	,
(	43	)	,
(	30	)	,
(	67	)	,
(	26	)	,
(	43	)	,
(	24	)	,
(	15	)	,
(	20	)	,
(	48	)	,
(	78	)	,
(	31	)	,
(	69	)	,
(	85	)	,
(	82	)	,
(	83	)	,
(	69	)	,
(	60	)	,
(	13	)	,
(	68	)	,
(	52	)	,
(	37	)	,
(	47	)	,
(	24	)	,
(	25	)	,
(	47	)	,
(	10	)	,
(	8	)	,
(	71	)	,
(	61	)	,
(	96	)	,
(	44	)	,
(	71	)	,
(	38	)	,
(	44	)	,
(	27	)	,
(	30	)	,
(	100	)	,
(	47	)	,
(	81	)	,
(	50	)	,
(	35	)	,
(	65	)	,
(	54	)	,
(	29	)	,
(	53	)	,
(	90	)	,
(	39	)	,
(	2	)	,
(	88	)	,
(	46	)	,
(	38	)	,
(	91	)	,
(	51	)	,
(	59	)	,
(	48	)	,
(	59	)	;


-- Shopping cart details data
INSERT  INTO ShoppingCartDetails(shoppingCartID,beerID,quantityOrdered) values 
(	3	,	923	,	7	)	,
(	365	,	1256	,	12	)	,
(	16	,	3784	,	1	)	,
(	327	,	3785	,	5	)	,
(	514	,	3788	,	12	)	,
(	317	,	3789	,	6	)	,
(	287	,	3790	,	1	)	,
(	186	,	3791	,	8	)	,
(	137	,	3792	,	6	)	,
(	255	,	3793	,	15	)	,
(	156	,	3794	,	3	)	,
(	84	,	3795	,	15	)	,
(	371	,	3796	,	14	)	,
(	494	,	3797	,	2	)	,
(	316	,	3798	,	6	)	,
(	75	,	3799	,	2	)	,
(	480	,	3800	,	8	)	,
(	379	,	3801	,	12	)	,
(	326	,	3803	,	5	)	,
(	109	,	3804	,	2	)	,
(	169	,	3805	,	6	)	,
(	323	,	3806	,	10	)	,
(	157	,	3976	,	10	)	,
(	472	,	3977	,	4	)	,
(	179	,	3978	,	7	)	,
(	193	,	3979	,	2	)	,
(	373	,	3980	,	10	)	,
(	341	,	3981	,	1	)	,
(	307	,	3982	,	14	)	,
(	462	,	3983	,	5	)	,
(	46	,	3984	,	5	)	,
(	45	,	3985	,	2	)	,
(	303	,	3986	,	7	)	,
(	419	,	3987	,	14	)	,
(	54	,	3988	,	4	)	,
(	18	,	4079	,	7	)	,
(	129	,	4080	,	9	)	,
(	338	,	4081	,	5	)	,
(	95	,	4082	,	9	)	,
(	184	,	4083	,	9	)	,
(	472	,	4084	,	10	)	,
(	295	,	4085	,	4	)	,
(	29	,	4087	,	11	)	,
(	179	,	4105	,	7	)	,
(	247	,	4106	,	8	)	,
(	159	,	4107	,	14	)	,
(	309	,	4108	,	10	)	,
(	354	,	4109	,	7	)	,
(	492	,	4110	,	14	)	,
(	484	,	4111	,	8	)	,
(	221	,	4112	,	14	)	,
(	246	,	4282	,	12	)	,
(	237	,	4347	,	1	)	,
(	189	,	4377	,	3	)	,
(	62	,	4379	,	10	)	,
(	448	,	4383	,	9	)	,
(	398	,	4384	,	9	)	,
(	374	,	4385	,	8	)	,
(	202	,	4386	,	13	)	,
(	103	,	4387	,	13	)	,
(	399	,	4390	,	6	)	,
(	148	,	4428	,	10	)	,
(	424	,	4474	,	7	)	,
(	454	,	4482	,	5	)	,
(	31	,	4508	,	2	)	,
(	15	,	4538	,	7	)	,
(	519	,	4548	,	2	)	,
(	439	,	4549	,	1	)	,
(	341	,	4550	,	2	)	,
(	262	,	4551	,	9	)	,
(	135	,	4552	,	12	)	,
(	339	,	4553	,	13	)	,
(	88	,	4554	,	4	)	,
(	457	,	4555	,	12	)	,
(	280	,	4556	,	8	)	,
(	169	,	4557	,	6	)	,
(	38	,	4558	,	4	)	,
(	365	,	4559	,	8	)	,
(	326	,	4560	,	14	)	,
(	383	,	4561	,	5	)	,
(	287	,	4562	,	12	)	,
(	461	,	4563	,	13	)	,
(	76	,	4564	,	10	)	,
(	512	,	4565	,	15	)	,
(	419	,	4927	,	13	)	,
(	510	,	4941	,	2	)	,
(	491	,	4995	,	11	)	,
(	372	,	5001	,	4	)	,
(	444	,	5002	,	12	)	,
(	420	,	5131	,	9	)	,
(	512	,	5173	,	9	)	,
(	484	,	5224	,	14	)	,
(	95	,	5432	,	4	)	,
(	86	,	5495	,	5	)	,
(	217	,	5565	,	11	)	,
(	9	,	5626	,	6	)	,
(	89	,	5627	,	7	)	,
(	437	,	5676	,	6	)	,
(	11	,	5735	,	1	)	,
(	192	,	5736	,	6	)	,
(	42	,	5737	,	2	)	,
(	66	,	5738	,	12	)	,
(	392	,	5739	,	3	)	,
(	113	,	5740	,	8	)	,
(	460	,	5741	,	11	)	,
(	286	,	5804	,	10	)	,
(	84	,	5805	,	15	)	,
(	65	,	5843	,	4	)	,
(	71	,	5856	,	3	)	,
(	329	,	923	,	9	)	,
(	352	,	1256	,	1	)	,
(	382	,	3784	,	4	)	,
(	91	,	3785	,	15	)	,
(	452	,	3788	,	9	)	,
(	227	,	3789	,	12	)	,
(	327	,	3790	,	8	)	,
(	353	,	3791	,	14	)	,
(	422	,	3792	,	6	)	,
(	320	,	3793	,	5	)	,
(	153	,	3794	,	5	)	,
(	479	,	3795	,	8	)	,
(	435	,	3796	,	10	)	,
(	205	,	3797	,	5	)	,
(	66	,	3798	,	12	)	,
(	8	,	3799	,	15	)	,
(	282	,	3800	,	13	)	,
(	189	,	3801	,	13	)	,
(	161	,	3803	,	4	)	,
(	135	,	3804	,	3	)	,
(	127	,	3805	,	5	)	,
(	328	,	3806	,	1	)	,
(	72	,	3976	,	13	)	,
(	516	,	3977	,	5	)	,
(	271	,	3978	,	13	)	,
(	289	,	3979	,	8	)	,
(	353	,	3980	,	9	)	,
(	332	,	3981	,	6	)	,
(	471	,	3982	,	7	)	,
(	68	,	3983	,	6	)	,
(	501	,	3984	,	13	)	,
(	102	,	3985	,	6	)	,
(	94	,	3986	,	5	)	,
(	341	,	3987	,	2	)	,
(	491	,	3988	,	4	)	,
(	11	,	4079	,	13	)	,
(	241	,	4080	,	10	)	,
(	29	,	4081	,	1	)	,
(	515	,	4082	,	5	)	,
(	446	,	4083	,	3	)	,
(	500	,	4084	,	1	)	,
(	320	,	4085	,	3	)	,
(	332	,	4087	,	8	)	,
(	70	,	4105	,	15	)	,
(	54	,	4106	,	1	)	,
(	464	,	4107	,	4	)	,
(	61	,	4108	,	11	)	,
(	310	,	4109	,	1	)	,
(	20	,	4110	,	14	)	,
(	446	,	4111	,	10	)	,
(	271	,	4112	,	1	)	,
(	374	,	4282	,	6	)	,
(	92	,	4347	,	1	)	,
(	69	,	4377	,	6	)	,
(	512	,	4379	,	7	)	,
(	352	,	4383	,	14	)	,
(	209	,	4384	,	9	)	,
(	9	,	4385	,	6	)	,
(	243	,	4386	,	5	)	,
(	204	,	4387	,	15	)	,
(	95	,	4390	,	13	)	,
(	460	,	4428	,	15	)	,
(	504	,	4474	,	6	)	,
(	325	,	4482	,	1	)	,
(	250	,	4508	,	1	)	,
(	289	,	4538	,	9	)	,
(	483	,	4548	,	1	)	,
(	169	,	4549	,	4	)	,
(	78	,	4550	,	7	)	,
(	366	,	4551	,	13	)	,
(	189	,	4552	,	5	)	,
(	246	,	4553	,	15	)	,
(	351	,	4554	,	14	)	,
(	277	,	4555	,	15	)	,
(	260	,	4556	,	3	)	,
(	302	,	4557	,	11	)	,
(	85	,	4558	,	13	)	,
(	432	,	4559	,	11	)	,
(	321	,	4560	,	2	)	,
(	1	,	4561	,	11	)	,
(	487	,	4562	,	9	)	,
(	469	,	4563	,	2	)	,
(	508	,	4564	,	1	)	,
(	403	,	4565	,	11	)	,
(	10	,	4927	,	6	)	,
(	269	,	4941	,	13	)	,
(	51	,	4995	,	13	)	,
(	294	,	5001	,	5	)	,
(	363	,	5002	,	1	)	,
(	318	,	5131	,	3	)	,
(	508	,	5173	,	6	)	,
(	334	,	5224	,	14	)	,
(	71	,	5432	,	2	)	,
(	17	,	5495	,	9	)	,
(	198	,	5565	,	2	)	,
(	370	,	5626	,	8	)	,
(	359	,	5627	,	6	)	,
(	191	,	5676	,	5	)	,
(	355	,	5735	,	1	)	,
(	339	,	5736	,	1	)	,
(	473	,	5737	,	1	)	,
(	436	,	5738	,	15	)	,
(	250	,	5739	,	7	)	,
(	423	,	5740	,	1	)	,
(	60	,	5741	,	12	)	,
(	160	,	5804	,	12	)	,
(	351	,	5805	,	14	)	,
(	517	,	5843	,	15	)	,
(	390	,	5856	,	8	)	,
(	48	,	923	,	13	)	,
(	115	,	1256	,	3	)	,
(	238	,	3784	,	4	)	,
(	350	,	3785	,	13	)	,
(	415	,	3788	,	15	)	,
(	164	,	3789	,	4	)	,
(	103	,	3790	,	15	)	,
(	154	,	3791	,	13	)	,
(	332	,	3792	,	2	)	,
(	480	,	3793	,	2	)	,
(	516	,	3794	,	14	)	,
(	312	,	3795	,	15	)	,
(	441	,	3796	,	2	)	,
(	511	,	3797	,	13	)	,
(	181	,	3798	,	1	)	,
(	350	,	3799	,	1	)	,
(	278	,	3800	,	10	)	,
(	500	,	3801	,	15	)	,
(	104	,	3803	,	14	)	,
(	421	,	3804	,	11	)	,
(	313	,	3805	,	14	)	,
(	452	,	3806	,	2	)	,
(	338	,	3976	,	1	)	,
(	284	,	3977	,	9	)	,
(	114	,	3978	,	8	)	,
(	482	,	3979	,	9	)	,
(	80	,	3980	,	11	)	,
(	262	,	3981	,	11	)	,
(	406	,	3982	,	4	)	,
(	417	,	3983	,	2	)	,
(	452	,	3984	,	5	)	,
(	448	,	3985	,	8	)	,
(	278	,	3986	,	5	)	,
(	208	,	3987	,	14	)	,
(	181	,	3988	,	8	)	,
(	405	,	4079	,	6	)	,
(	108	,	4080	,	14	)	,
(	57	,	4081	,	14	)	,
(	227	,	4082	,	12	)	,
(	126	,	4083	,	3	)	,
(	452	,	4084	,	15	)	,
(	382	,	4085	,	15	)	,
(	336	,	4087	,	9	)	,
(	198	,	4105	,	14	)	,
(	509	,	4106	,	14	)	,
(	402	,	4107	,	6	)	,
(	255	,	4108	,	11	)	,
(	398	,	4109	,	10	)	,
(	86	,	4110	,	10	)	,
(	315	,	4111	,	9	)	,
(	495	,	4112	,	7	)	,
(	260	,	4282	,	2	)	,
(	175	,	4347	,	6	)	,
(	171	,	4377	,	14	)	,
(	479	,	4379	,	14	)	,
(	100	,	4383	,	9	)	,
(	510	,	4384	,	14	)	,
(	248	,	4385	,	6	)	,
(	268	,	4386	,	3	)	,
(	1	,	4387	,	10	)	,
(	49	,	4390	,	6	)	,
(	27	,	4428	,	4	)	,
(	303	,	4474	,	13	)	,
(	268	,	4482	,	3	)	,
(	141	,	4508	,	2	)	,
(	310	,	4538	,	8	)	,
(	262	,	4548	,	4	)	,
(	191	,	4549	,	4	)	,
(	411	,	4550	,	2	)	,
(	278	,	4551	,	13	)	,
(	230	,	4552	,	1	)	,
(	49	,	4553	,	10	)	,
(	494	,	4554	,	15	)	,
(	359	,	4555	,	10	)	,
(	407	,	4556	,	5	)	,
(	170	,	4557	,	15	)	,
(	208	,	4558	,	3	)	,
(	514	,	4559	,	11	)	,
(	414	,	4560	,	12	)	,
(	349	,	4561	,	1	)	,
(	94	,	4562	,	3	)	,
(	310	,	4563	,	14	)	,
(	272	,	4564	,	2	)	,
(	168	,	4565	,	5	)	,
(	166	,	4927	,	7	)	,
(	241	,	4941	,	7	)	,
(	499	,	4995	,	8	)	,
(	244	,	5001	,	13	)	,
(	150	,	5002	,	7	)	,
(	122	,	5131	,	3	)	,
(	238	,	5173	,	3	)	,
(	258	,	5224	,	1	)	,
(	19	,	5432	,	8	)	,
(	110	,	5495	,	10	)	,
(	161	,	5565	,	15	)	,
(	322	,	5626	,	2	)	,
(	325	,	5627	,	10	)	,
(	373	,	5676	,	15	)	,
(	401	,	5735	,	9	)	,
(	399	,	5736	,	9	)	,
(	66	,	5737	,	6	)	,
(	343	,	5738	,	13	)	,
(	63	,	5739	,	1	)	,
(	24	,	5740	,	1	)	,
(	291	,	5741	,	8	)	,
(	376	,	5804	,	11	)	,
(	232	,	5805	,	9	)	,
(	343	,	5843	,	10	)	,
(	476	,	5856	,	4	)	,
(	247	,	923	,	3	)	,
(	250	,	1256	,	9	)	,
(	143	,	3784	,	12	)	,
(	15	,	3785	,	8	)	,
(	448	,	3788	,	12	)	,
(	379	,	3789	,	9	)	,
(	7	,	3790	,	10	)	,
(	118	,	3791	,	5	)	,
(	457	,	3792	,	5	)	,
(	489	,	3793	,	13	)	,
(	492	,	3794	,	10	)	,
(	205	,	3795	,	14	)	,
(	238	,	3796	,	12	)	,
(	243	,	3797	,	4	)	,
(	41	,	3798	,	9	)	,
(	187	,	3799	,	3	)	,
(	303	,	3800	,	8	)	,
(	80	,	3801	,	2	)	,
(	441	,	3803	,	9	)	,
(	307	,	3804	,	5	)	,
(	233	,	3805	,	5	)	,
(	476	,	3806	,	5	)	,
(	182	,	3976	,	7	)	,
(	381	,	3977	,	7	)	,
(	142	,	3978	,	11	)	,
(	297	,	3979	,	5	)	,
(	206	,	3980	,	6	)	,
(	344	,	3981	,	10	)	,
(	435	,	3982	,	8	)	,
(	339	,	3983	,	13	)	,
(	124	,	3984	,	5	)	,
(	305	,	3985	,	8	)	,
(	324	,	3986	,	7	)	,
(	76	,	3987	,	9	)	,
(	313	,	3988	,	14	)	,
(	457	,	4079	,	4	)	,
(	239	,	4080	,	7	)	,
(	333	,	4081	,	3	)	,
(	379	,	4082	,	1	)	,
(	508	,	4083	,	10	)	,
(	63	,	4084	,	6	)	,
(	218	,	4085	,	15	)	,
(	470	,	4087	,	9	)	,
(	383	,	4105	,	5	)	,
(	40	,	4106	,	3	)	,
(	175	,	4107	,	5	)	,
(	43	,	4108	,	2	)	,
(	15	,	4109	,	11	)	,
(	360	,	4110	,	12	)	,
(	153	,	4111	,	11	)	,
(	411	,	4112	,	10	)	,
(	75	,	4282	,	7	)	,
(	352	,	4347	,	6	)	,
(	477	,	4377	,	11	)	,
(	216	,	4379	,	7	)	,
(	82	,	4383	,	6	)	,
(	384	,	4384	,	8	)	,
(	14	,	4385	,	2	)	,
(	10	,	4386	,	14	)	,
(	90	,	4387	,	6	)	,
(	178	,	4390	,	15	)	,
(	456	,	4428	,	10	)	,
(	153	,	4474	,	7	)	,
(	438	,	4482	,	15	)	,
(	149	,	4508	,	3	)	,
(	357	,	4538	,	10	)	,
(	290	,	4548	,	1	)	,
(	59	,	4549	,	13	)	,
(	44	,	4550	,	6	)	,
(	66	,	4551	,	11	)	,
(	249	,	4552	,	6	)	,
(	272	,	4553	,	1	)	,
(	90	,	4554	,	11	)	,
(	353	,	4555	,	11	)	,
(	513	,	4556	,	3	)	,
(	494	,	4557	,	14	)	,
(	422	,	4558	,	1	)	,
(	6	,	4559	,	3	)	,
(	267	,	4560	,	13	)	,
(	374	,	4561	,	10	)	,
(	236	,	4562	,	13	)	,
(	482	,	4563	,	11	)	,
(	444	,	4564	,	12	)	,
(	432	,	4565	,	13	)	,
(	271	,	4927	,	8	)	,
(	296	,	4941	,	1	)	,
(	247	,	4995	,	7	)	,
(	357	,	5001	,	4	)	,
(	143	,	5002	,	13	)	,
(	105	,	5131	,	9	)	,
(	289	,	5173	,	10	)	,
(	159	,	5224	,	9	)	,
(	124	,	5432	,	4	)	,
(	241	,	5495	,	10	)	,
(	55	,	5565	,	8	)	,
(	469	,	5626	,	2	)	,
(	338	,	5627	,	13	)	,
(	380	,	5676	,	2	)	,
(	455	,	5735	,	12	)	,
(	186	,	5736	,	3	)	,
(	7	,	5737	,	13	)	,
(	466	,	5738	,	10	)	,
(	458	,	5739	,	6	)	,
(	276	,	5740	,	1	)	,
(	274	,	5741	,	4	)	,
(	100	,	5804	,	3	)	,
(	8	,	5805	,	6	)	,
(	292	,	5843	,	6	)	,
(	200	,	5856	,	2	)	,
(	110	,	923	,	4	)	,
(	478	,	1256	,	4	)	,
(	35	,	3784	,	11	)	,
(	240	,	3785	,	10	)	,
(	184	,	3788	,	11	)	,
(	369	,	3789	,	12	)	,
(	501	,	3790	,	1	)	,
(	424	,	3791	,	7	)	,
(	442	,	3792	,	8	)	,
(	210	,	3793	,	5	)	,
(	219	,	3794	,	15	)	,
(	284	,	3795	,	13	)	,
(	180	,	3796	,	10	)	,
(	326	,	3797	,	7	)	,
(	121	,	3798	,	11	)	,
(	196	,	3799	,	7	)	,
(	266	,	3800	,	1	)	,
(	364	,	3801	,	2	)	,
(	366	,	3803	,	4	)	,
(	395	,	3804	,	4	)	,
(	260	,	3805	,	7	)	,
(	80	,	3806	,	1	)	,
(	88	,	3976	,	7	)	,
(	329	,	3977	,	5	)	,
(	120	,	3978	,	12	)	,
(	479	,	3979	,	4	)	,
(	156	,	3980	,	4	)	,
(	469	,	3981	,	6	)	,
(	380	,	3982	,	15	)	,
(	430	,	3983	,	9	)	,
(	498	,	3984	,	7	)	,
(	189	,	3985	,	13	)	,
(	221	,	3986	,	13	)	,
(	53	,	3987	,	11	)	,
(	410	,	3988	,	6	)	,
(	404	,	4079	,	14	)	,
(	109	,	4080	,	10	)	,
(	180	,	4081	,	13	)	,
(	229	,	4082	,	13	)	,
(	179	,	4083	,	3	)	,
(	126	,	4084	,	11	)	,
(	434	,	4085	,	3	)	,
(	7	,	4087	,	4	)	,
(	490	,	4105	,	10	)	,
(	51	,	4106	,	12	)	,
(	182	,	4107	,	4	)	,
(	203	,	4108	,	14	)	,
(	58	,	4109	,	5	)	,
(	480	,	4110	,	13	)	,
(	370	,	4111	,	14	)	,
(	85	,	4112	,	3	)	,
(	265	,	4282	,	2	)	,
(	181	,	4347	,	10	)	,
(	172	,	4377	,	4	)	,
(	213	,	4379	,	15	)	,
(	371	,	4383	,	15	)	,
(	45	,	4384	,	1	)	,
(	264	,	4385	,	12	)	,
(	160	,	4386	,	6	)	,
(	172	,	4387	,	1	)	,
(	368	,	4390	,	11	)	,
(	86	,	4428	,	11	)	,
(	346	,	4474	,	2	)	,
(	51	,	4482	,	3	)	,
(	93	,	4508	,	3	)	,
(	108	,	4538	,	6	)	,
(	219	,	4548	,	1	)	,
(	300	,	4549	,	10	)	,
(	421	,	4550	,	12	)	,
(	315	,	4551	,	4	)	,
(	308	,	4552	,	2	)	,
(	317	,	4553	,	8	)	,
(	23	,	4554	,	2	)	,
(	96	,	4555	,	9	)	,
(	182	,	4556	,	8	)	,
(	59	,	4557	,	10	)	,
(	474	,	4558	,	5	)	,
(	440	,	4559	,	12	)	,
(	329	,	4560	,	8	)	,
(	427	,	4561	,	4	)	,
(	121	,	4562	,	9	)	,
(	392	,	4563	,	14	)	,
(	367	,	4564	,	5	)	;
